Gap ID,Workspace,Domain,Gap Name,Gap Category,Gap Layer,Status,Severity,Gap Impact,Root Cause,Required Solution,Required Markdowns,Required Protocols,Required Registries,Required Governance,Required Ownership,Required Orchestration,Required Validation,Required Observability,Required Evolution,Required Dependencies,Required Placement,Required Sequencing,Completion Criteria
MANAGEMENT-INTENT,The Agency Draft 1.2,Management,Management Intent Control Gap,Intent,"Agency management, strategic command, cross-domain dependency, resource allocation, and operating model layer.",Partially Present,High,"Management operators cannot reliably answer who owns intent, what is current, what must happen next, which evidence is authoritative, or how completion is proven.","Domain knowledge exists mainly as DOCX drafts, so it lacks controlled markdown registries, protocols, owners, validation gates, and runtime memory.","Promote intent into the authoritative Management OS layer with source IDs, owner, governance rule, dependency links, validation gate, dashboard signal, memory update, and version path.",The Agency Draft 1.2\00_Foundation\MANAGEMENT_MISSION_VISION_OBJECTIVES.md,Management Intent protocol: trigger -> source evidence -> owner review -> approval/risk check -> execution or handoff -> validation -> memory/version update.,MANAGEMENT_MASTER_REGISTRY plus Agency Global Source Registry.,"Management OS Owner / Agency Strategy Lead approves ownership, risk class, cadence, and escalation route.",Management OS Owner / Agency Strategy Lead,"Route through Management orchestration and the agency dependency graph: upstream All domain intelligence, finance, market reality, client outcomes, founder direction; downstream All domains, governance, resource allocation, cadence, roadmap, risk management.","Entry criteria, source evidence check, owner sign-off, handoff acceptance, and completion gate.","Dashboard status, freshness date, owner review cadence, risk indicator, and gap closure metric.","Decision log entry, version log entry, quarterly review, and source registry state update.","Upstream: All domain intelligence, finance, market reality, client outcomes, founder direction. Downstream: All domains, governance, resource allocation, cadence, roadmap, risk management.",The Agency Draft 1.2\00_Foundation\MANAGEMENT_MISSION_VISION_OBJECTIVES.md,"1. Confirm source inventory; 2. create canonical markdown; 3. assign owner/RACI; 4. register dependencies and handoffs; 5. define validation and dashboard signals; 6. approve, version, and schedule evolution review.","Management Intent is complete when the markdown exists at the recommended placement, has an owner and cadence, references source IDs, is registered in the local and agency registry, defines validation and observability, and has a version/evolution log entry."
MANAGEMENT-STRATEGY,The Agency Draft 1.2,Management,Management Strategy Control Gap,Strategy,"Agency management, strategic command, cross-domain dependency, resource allocation, and operating model layer.",Partially Present,High,"Management operators cannot reliably answer who owns strategy, what is current, what must happen next, which evidence is authoritative, or how completion is proven.","Domain knowledge exists mainly as DOCX drafts, so it lacks controlled markdown registries, protocols, owners, validation gates, and runtime memory.","Promote strategy into the authoritative Management OS layer with source IDs, owner, governance rule, dependency links, validation gate, dashboard signal, memory update, and version path.",The Agency Draft 1.2\00_Foundation\MANAGEMENT_STRATEGIC_ROADMAP.md,Management Strategy protocol: trigger -> source evidence -> owner review -> approval/risk check -> execution or handoff -> validation -> memory/version update.,MANAGEMENT_MASTER_REGISTRY plus Agency Global Source Registry.,"Management OS Owner / Agency Strategy Lead approves ownership, risk class, cadence, and escalation route.",Management OS Owner / Agency Strategy Lead,"Route through Management orchestration and the agency dependency graph: upstream All domain intelligence, finance, market reality, client outcomes, founder direction; downstream All domains, governance, resource allocation, cadence, roadmap, risk management.","Entry criteria, source evidence check, owner sign-off, handoff acceptance, and completion gate.","Dashboard status, freshness date, owner review cadence, risk indicator, and gap closure metric.","Decision log entry, version log entry, quarterly review, and source registry state update.","Upstream: All domain intelligence, finance, market reality, client outcomes, founder direction. Downstream: All domains, governance, resource allocation, cadence, roadmap, risk management.",The Agency Draft 1.2\00_Foundation\MANAGEMENT_STRATEGIC_ROADMAP.md,"1. Confirm source inventory; 2. create canonical markdown; 3. assign owner/RACI; 4. register dependencies and handoffs; 5. define validation and dashboard signals; 6. approve, version, and schedule evolution review.","Management Strategy is complete when the markdown exists at the recommended placement, has an owner and cadence, references source IDs, is registered in the local and agency registry, defines validation and observability, and has a version/evolution log entry."
MANAGEMENT-CONSTITUTION,The Agency Draft 1.2,Management,Management Constitution Control Gap,Constitution,"Agency management, strategic command, cross-domain dependency, resource allocation, and operating model layer.",Partially Present,High,"Management operators cannot reliably answer who owns constitution, what is current, what must happen next, which evidence is authoritative, or how completion is proven.","Domain knowledge exists mainly as DOCX drafts, so it lacks controlled markdown registries, protocols, owners, validation gates, and runtime memory.","Promote constitution into the authoritative Management OS layer with source IDs, owner, governance rule, dependency links, validation gate, dashboard signal, memory update, and version path.",The Agency Draft 1.2\00_Governance\MANAGEMENT_OPERATING_CONSTITUTION.md,Management Constitution protocol: trigger -> source evidence -> owner review -> approval/risk check -> execution or handoff -> validation -> memory/version update.,MANAGEMENT_MASTER_REGISTRY plus Agency Global Source Registry.,"Management OS Owner / Agency Strategy Lead approves ownership, risk class, cadence, and escalation route.",Management OS Owner / Agency Strategy Lead,"Route through Management orchestration and the agency dependency graph: upstream All domain intelligence, finance, market reality, client outcomes, founder direction; downstream All domains, governance, resource allocation, cadence, roadmap, risk management.","Entry criteria, source evidence check, owner sign-off, handoff acceptance, and completion gate.","Dashboard status, freshness date, owner review cadence, risk indicator, and gap closure metric.","Decision log entry, version log entry, quarterly review, and source registry state update.","Upstream: All domain intelligence, finance, market reality, client outcomes, founder direction. Downstream: All domains, governance, resource allocation, cadence, roadmap, risk management.",The Agency Draft 1.2\00_Governance\MANAGEMENT_OPERATING_CONSTITUTION.md,"1. Confirm source inventory; 2. create canonical markdown; 3. assign owner/RACI; 4. register dependencies and handoffs; 5. define validation and dashboard signals; 6. approve, version, and schedule evolution review.","Management Constitution is complete when the markdown exists at the recommended placement, has an owner and cadence, references source IDs, is registered in the local and agency registry, defines validation and observability, and has a version/evolution log entry."
MANAGEMENT-GOVERNANCE,The Agency Draft 1.2,Management,Management Governance Control Gap,Governance,"Agency management, strategic command, cross-domain dependency, resource allocation, and operating model layer.",Partially Present,High,"Management operators cannot reliably answer who owns governance, what is current, what must happen next, which evidence is authoritative, or how completion is proven.","Domain knowledge exists mainly as DOCX drafts, so it lacks controlled markdown registries, protocols, owners, validation gates, and runtime memory.","Promote governance into the authoritative Management OS layer with source IDs, owner, governance rule, dependency links, validation gate, dashboard signal, memory update, and version path.",The Agency Draft 1.2\00_Governance\MANAGEMENT_GOVERNANCE_CHARTER_AND_RACI.md,Management Governance protocol: trigger -> source evidence -> owner review -> approval/risk check -> execution or handoff -> validation -> memory/version update.,MANAGEMENT_MASTER_REGISTRY plus Agency Global Source Registry.,"Management OS Owner / Agency Strategy Lead approves ownership, risk class, cadence, and escalation route.",Management OS Owner / Agency Strategy Lead,"Route through Management orchestration and the agency dependency graph: upstream All domain intelligence, finance, market reality, client outcomes, founder direction; downstream All domains, governance, resource allocation, cadence, roadmap, risk management.","Entry criteria, source evidence check, owner sign-off, handoff acceptance, and completion gate.","Dashboard status, freshness date, owner review cadence, risk indicator, and gap closure metric.","Decision log entry, version log entry, quarterly review, and source registry state update.","Upstream: All domain intelligence, finance, market reality, client outcomes, founder direction. Downstream: All domains, governance, resource allocation, cadence, roadmap, risk management.",The Agency Draft 1.2\00_Governance\MANAGEMENT_GOVERNANCE_CHARTER_AND_RACI.md,"1. Confirm source inventory; 2. create canonical markdown; 3. assign owner/RACI; 4. register dependencies and handoffs; 5. define validation and dashboard signals; 6. approve, version, and schedule evolution review.","Management Governance is complete when the markdown exists at the recommended placement, has an owner and cadence, references source IDs, is registered in the local and agency registry, defines validation and observability, and has a version/evolution log entry."
MANAGEMENT-ORCHESTRATION,The Agency Draft 1.2,Management,Management Orchestration Control Gap,Orchestration,"Agency management, strategic command, cross-domain dependency, resource allocation, and operating model layer.",Partially Present,High,"Management operators cannot reliably answer who owns orchestration, what is current, what must happen next, which evidence is authoritative, or how completion is proven.","Domain knowledge exists mainly as DOCX drafts, so it lacks controlled markdown registries, protocols, owners, validation gates, and runtime memory.","Promote orchestration into the authoritative Management OS layer with source IDs, owner, governance rule, dependency links, validation gate, dashboard signal, memory update, and version path.",The Agency Draft 1.2\01_Orchestration\MANAGEMENT_ORCHESTRATION_ENGINE.md,Management Orchestration protocol: trigger -> source evidence -> owner review -> approval/risk check -> execution or handoff -> validation -> memory/version update.,MANAGEMENT_MASTER_REGISTRY plus Agency Global Source Registry.,"Management OS Owner / Agency Strategy Lead approves ownership, risk class, cadence, and escalation route.",Management OS Owner / Agency Strategy Lead,"Route through Management orchestration and the agency dependency graph: upstream All domain intelligence, finance, market reality, client outcomes, founder direction; downstream All domains, governance, resource allocation, cadence, roadmap, risk management.","Entry criteria, source evidence check, owner sign-off, handoff acceptance, and completion gate.","Dashboard status, freshness date, owner review cadence, risk indicator, and gap closure metric.","Decision log entry, version log entry, quarterly review, and source registry state update.","Upstream: All domain intelligence, finance, market reality, client outcomes, founder direction. Downstream: All domains, governance, resource allocation, cadence, roadmap, risk management.",The Agency Draft 1.2\01_Orchestration\MANAGEMENT_ORCHESTRATION_ENGINE.md,"1. Confirm source inventory; 2. create canonical markdown; 3. assign owner/RACI; 4. register dependencies and handoffs; 5. define validation and dashboard signals; 6. approve, version, and schedule evolution review.","Management Orchestration is complete when the markdown exists at the recommended placement, has an owner and cadence, references source IDs, is registered in the local and agency registry, defines validation and observability, and has a version/evolution log entry."
MANAGEMENT-WORKSPACE-INTELLIGENCE,The Agency Draft 1.2,Management,Management Workspace Intelligence Control Gap,Workspace Intelligence,"Agency management, strategic command, cross-domain dependency, resource allocation, and operating model layer.",Partially Present,High,"Management operators cannot reliably answer who owns workspace intelligence, what is current, what must happen next, which evidence is authoritative, or how completion is proven.","Domain knowledge exists mainly as DOCX drafts, so it lacks controlled markdown registries, protocols, owners, validation gates, and runtime memory.","Promote workspace intelligence into the authoritative Management OS layer with source IDs, owner, governance rule, dependency links, validation gate, dashboard signal, memory update, and version path.",The Agency Draft 1.2\00_Workspace_Intelligence_Inventory\MANAGEMENT_SOURCE_INTELLIGENCE_REGISTER.md,Management Workspace Intelligence protocol: trigger -> source evidence -> owner review -> approval/risk check -> execution or handoff -> validation -> memory/version update.,MANAGEMENT_MASTER_REGISTRY plus Agency Global Source Registry.,"Management OS Owner / Agency Strategy Lead approves ownership, risk class, cadence, and escalation route.",Management OS Owner / Agency Strategy Lead,"Route through Management orchestration and the agency dependency graph: upstream All domain intelligence, finance, market reality, client outcomes, founder direction; downstream All domains, governance, resource allocation, cadence, roadmap, risk management.","Entry criteria, source evidence check, owner sign-off, handoff acceptance, and completion gate.","Dashboard status, freshness date, owner review cadence, risk indicator, and gap closure metric.","Decision log entry, version log entry, quarterly review, and source registry state update.","Upstream: All domain intelligence, finance, market reality, client outcomes, founder direction. Downstream: All domains, governance, resource allocation, cadence, roadmap, risk management.",The Agency Draft 1.2\00_Workspace_Intelligence_Inventory\MANAGEMENT_SOURCE_INTELLIGENCE_REGISTER.md,"1. Confirm source inventory; 2. create canonical markdown; 3. assign owner/RACI; 4. register dependencies and handoffs; 5. define validation and dashboard signals; 6. approve, version, and schedule evolution review.","Management Workspace Intelligence is complete when the markdown exists at the recommended placement, has an owner and cadence, references source IDs, is registered in the local and agency registry, defines validation and observability, and has a version/evolution log entry."
MANAGEMENT-SEPARATION-INTELLIGENCE,The Agency Draft 1.2,Management,Management Separation Intelligence Control Gap,Separation Intelligence,"Agency management, strategic command, cross-domain dependency, resource allocation, and operating model layer.",Partially Present,Medium-High,"Management operators cannot reliably answer who owns separation intelligence, what is current, what must happen next, which evidence is authoritative, or how completion is proven.","Domain knowledge exists mainly as DOCX drafts, so it lacks controlled markdown registries, protocols, owners, validation gates, and runtime memory.","Promote separation intelligence into the authoritative Management OS layer with source IDs, owner, governance rule, dependency links, validation gate, dashboard signal, memory update, and version path.",The Agency Draft 1.2\00_Workspace_Intelligence_Inventory\MANAGEMENT_SEPARATION_DELIVERY_MAP.md,Management Separation Intelligence protocol: trigger -> source evidence -> owner review -> approval/risk check -> execution or handoff -> validation -> memory/version update.,MANAGEMENT_MASTER_REGISTRY plus Agency Global Source Registry.,"Management OS Owner / Agency Strategy Lead approves ownership, risk class, cadence, and escalation route.",Management OS Owner / Agency Strategy Lead,"Route through Management orchestration and the agency dependency graph: upstream All domain intelligence, finance, market reality, client outcomes, founder direction; downstream All domains, governance, resource allocation, cadence, roadmap, risk management.","Entry criteria, source evidence check, owner sign-off, handoff acceptance, and completion gate.","Dashboard status, freshness date, owner review cadence, risk indicator, and gap closure metric.","Decision log entry, version log entry, quarterly review, and source registry state update.","Upstream: All domain intelligence, finance, market reality, client outcomes, founder direction. Downstream: All domains, governance, resource allocation, cadence, roadmap, risk management.",The Agency Draft 1.2\00_Workspace_Intelligence_Inventory\MANAGEMENT_SEPARATION_DELIVERY_MAP.md,"1. Confirm source inventory; 2. create canonical markdown; 3. assign owner/RACI; 4. register dependencies and handoffs; 5. define validation and dashboard signals; 6. approve, version, and schedule evolution review.","Management Separation Intelligence is complete when the markdown exists at the recommended placement, has an owner and cadence, references source IDs, is registered in the local and agency registry, defines validation and observability, and has a version/evolution log entry."
MANAGEMENT-DOMAIN-INTELLIGENCE,The Agency Draft 1.2,Management,Management Domain Intelligence Control Gap,Domain Intelligence,"Agency management, strategic command, cross-domain dependency, resource allocation, and operating model layer.",Partially Present,Medium-High,"Management operators cannot reliably answer who owns domain intelligence, what is current, what must happen next, which evidence is authoritative, or how completion is proven.","Domain knowledge exists mainly as DOCX drafts, so it lacks controlled markdown registries, protocols, owners, validation gates, and runtime memory.","Promote domain intelligence into the authoritative Management OS layer with source IDs, owner, governance rule, dependency links, validation gate, dashboard signal, memory update, and version path.",The Agency Draft 1.2\02_Domain_Intelligence\MANAGEMENT_ONTOLOGY_AND_DOMAIN_REGISTRY.md,Management Domain Intelligence protocol: trigger -> source evidence -> owner review -> approval/risk check -> execution or handoff -> validation -> memory/version update.,MANAGEMENT_MASTER_REGISTRY plus Agency Global Source Registry.,"Management OS Owner / Agency Strategy Lead approves ownership, risk class, cadence, and escalation route.",Management OS Owner / Agency Strategy Lead,"Route through Management orchestration and the agency dependency graph: upstream All domain intelligence, finance, market reality, client outcomes, founder direction; downstream All domains, governance, resource allocation, cadence, roadmap, risk management.","Entry criteria, source evidence check, owner sign-off, handoff acceptance, and completion gate.","Dashboard status, freshness date, owner review cadence, risk indicator, and gap closure metric.","Decision log entry, version log entry, quarterly review, and source registry state update.","Upstream: All domain intelligence, finance, market reality, client outcomes, founder direction. Downstream: All domains, governance, resource allocation, cadence, roadmap, risk management.",The Agency Draft 1.2\02_Domain_Intelligence\MANAGEMENT_ONTOLOGY_AND_DOMAIN_REGISTRY.md,"1. Confirm source inventory; 2. create canonical markdown; 3. assign owner/RACI; 4. register dependencies and handoffs; 5. define validation and dashboard signals; 6. approve, version, and schedule evolution review.","Management Domain Intelligence is complete when the markdown exists at the recommended placement, has an owner and cadence, references source IDs, is registered in the local and agency registry, defines validation and observability, and has a version/evolution log entry."
MANAGEMENT-REGISTRIES,The Agency Draft 1.2,Management,Management Registries Control Gap,Registries,"Agency management, strategic command, cross-domain dependency, resource allocation, and operating model layer.",Partially Present,High,"Management operators cannot reliably answer who owns registries, what is current, what must happen next, which evidence is authoritative, or how completion is proven.","Domain knowledge exists mainly as DOCX drafts, so it lacks controlled markdown registries, protocols, owners, validation gates, and runtime memory.","Promote registries into the authoritative Management OS layer with source IDs, owner, governance rule, dependency links, validation gate, dashboard signal, memory update, and version path.",The Agency Draft 1.2\03_Registries\MANAGEMENT_MASTER_REGISTRY.md,Management Registries protocol: trigger -> source evidence -> owner review -> approval/risk check -> execution or handoff -> validation -> memory/version update.,MANAGEMENT_MASTER_REGISTRY plus Agency Global Source Registry.,"Management OS Owner / Agency Strategy Lead approves ownership, risk class, cadence, and escalation route.",Management OS Owner / Agency Strategy Lead,"Route through Management orchestration and the agency dependency graph: upstream All domain intelligence, finance, market reality, client outcomes, founder direction; downstream All domains, governance, resource allocation, cadence, roadmap, risk management.","Entry criteria, source evidence check, owner sign-off, handoff acceptance, and completion gate.","Dashboard status, freshness date, owner review cadence, risk indicator, and gap closure metric.","Decision log entry, version log entry, quarterly review, and source registry state update.","Upstream: All domain intelligence, finance, market reality, client outcomes, founder direction. Downstream: All domains, governance, resource allocation, cadence, roadmap, risk management.",The Agency Draft 1.2\03_Registries\MANAGEMENT_MASTER_REGISTRY.md,"1. Confirm source inventory; 2. create canonical markdown; 3. assign owner/RACI; 4. register dependencies and handoffs; 5. define validation and dashboard signals; 6. approve, version, and schedule evolution review.","Management Registries is complete when the markdown exists at the recommended placement, has an owner and cadence, references source IDs, is registered in the local and agency registry, defines validation and observability, and has a version/evolution log entry."
MANAGEMENT-ARCHITECTURE,The Agency Draft 1.2,Management,Management Architecture Control Gap,Architecture,"Agency management, strategic command, cross-domain dependency, resource allocation, and operating model layer.",Partially Present,Medium-High,"Management operators cannot reliably answer who owns architecture, what is current, what must happen next, which evidence is authoritative, or how completion is proven.","Domain knowledge exists mainly as DOCX drafts, so it lacks controlled markdown registries, protocols, owners, validation gates, and runtime memory.","Promote architecture into the authoritative Management OS layer with source IDs, owner, governance rule, dependency links, validation gate, dashboard signal, memory update, and version path.",The Agency Draft 1.2\01_Architecture\MANAGEMENT_OPERATING_ARCHITECTURE.md,Management Architecture protocol: trigger -> source evidence -> owner review -> approval/risk check -> execution or handoff -> validation -> memory/version update.,MANAGEMENT_MASTER_REGISTRY plus Agency Global Source Registry.,"Management OS Owner / Agency Strategy Lead approves ownership, risk class, cadence, and escalation route.",Management OS Owner / Agency Strategy Lead,"Route through Management orchestration and the agency dependency graph: upstream All domain intelligence, finance, market reality, client outcomes, founder direction; downstream All domains, governance, resource allocation, cadence, roadmap, risk management.","Entry criteria, source evidence check, owner sign-off, handoff acceptance, and completion gate.","Dashboard status, freshness date, owner review cadence, risk indicator, and gap closure metric.","Decision log entry, version log entry, quarterly review, and source registry state update.","Upstream: All domain intelligence, finance, market reality, client outcomes, founder direction. Downstream: All domains, governance, resource allocation, cadence, roadmap, risk management.",The Agency Draft 1.2\01_Architecture\MANAGEMENT_OPERATING_ARCHITECTURE.md,"1. Confirm source inventory; 2. create canonical markdown; 3. assign owner/RACI; 4. register dependencies and handoffs; 5. define validation and dashboard signals; 6. approve, version, and schedule evolution review.","Management Architecture is complete when the markdown exists at the recommended placement, has an owner and cadence, references source IDs, is registered in the local and agency registry, defines validation and observability, and has a version/evolution log entry."
MANAGEMENT-STATE-MANAGEMENT,The Agency Draft 1.2,Management,Management State Management Control Gap,State Management,"Agency management, strategic command, cross-domain dependency, resource allocation, and operating model layer.",Partially Present,Medium-High,"Management operators cannot reliably answer who owns state management, what is current, what must happen next, which evidence is authoritative, or how completion is proven.","Domain knowledge exists mainly as DOCX drafts, so it lacks controlled markdown registries, protocols, owners, validation gates, and runtime memory.","Promote state management into the authoritative Management OS layer with source IDs, owner, governance rule, dependency links, validation gate, dashboard signal, memory update, and version path.",The Agency Draft 1.2\04_State\MANAGEMENT_STATE_MODEL_AND_STATUS_BOARD.md,Management State Management protocol: trigger -> source evidence -> owner review -> approval/risk check -> execution or handoff -> validation -> memory/version update.,MANAGEMENT_MASTER_REGISTRY plus Agency Global Source Registry.,"Management OS Owner / Agency Strategy Lead approves ownership, risk class, cadence, and escalation route.",Management OS Owner / Agency Strategy Lead,"Route through Management orchestration and the agency dependency graph: upstream All domain intelligence, finance, market reality, client outcomes, founder direction; downstream All domains, governance, resource allocation, cadence, roadmap, risk management.","Entry criteria, source evidence check, owner sign-off, handoff acceptance, and completion gate.","Dashboard status, freshness date, owner review cadence, risk indicator, and gap closure metric.","Decision log entry, version log entry, quarterly review, and source registry state update.","Upstream: All domain intelligence, finance, market reality, client outcomes, founder direction. Downstream: All domains, governance, resource allocation, cadence, roadmap, risk management.",The Agency Draft 1.2\04_State\MANAGEMENT_STATE_MODEL_AND_STATUS_BOARD.md,"1. Confirm source inventory; 2. create canonical markdown; 3. assign owner/RACI; 4. register dependencies and handoffs; 5. define validation and dashboard signals; 6. approve, version, and schedule evolution review.","Management State Management is complete when the markdown exists at the recommended placement, has an owner and cadence, references source IDs, is registered in the local and agency registry, defines validation and observability, and has a version/evolution log entry."
MANAGEMENT-EXECUTION,The Agency Draft 1.2,Management,Management Execution Control Gap,Execution,"Agency management, strategic command, cross-domain dependency, resource allocation, and operating model layer.",Partially Present,Medium-High,"Management operators cannot reliably answer who owns execution, what is current, what must happen next, which evidence is authoritative, or how completion is proven.","Domain knowledge exists mainly as DOCX drafts, so it lacks controlled markdown registries, protocols, owners, validation gates, and runtime memory.","Promote execution into the authoritative Management OS layer with source IDs, owner, governance rule, dependency links, validation gate, dashboard signal, memory update, and version path.",The Agency Draft 1.2\05_Execution\MANAGEMENT_EXECUTION_PLAYBOOK.md,Management Execution protocol: trigger -> source evidence -> owner review -> approval/risk check -> execution or handoff -> validation -> memory/version update.,MANAGEMENT_MASTER_REGISTRY plus Agency Global Source Registry.,"Management OS Owner / Agency Strategy Lead approves ownership, risk class, cadence, and escalation route.",Management OS Owner / Agency Strategy Lead,"Route through Management orchestration and the agency dependency graph: upstream All domain intelligence, finance, market reality, client outcomes, founder direction; downstream All domains, governance, resource allocation, cadence, roadmap, risk management.","Entry criteria, source evidence check, owner sign-off, handoff acceptance, and completion gate.","Dashboard status, freshness date, owner review cadence, risk indicator, and gap closure metric.","Decision log entry, version log entry, quarterly review, and source registry state update.","Upstream: All domain intelligence, finance, market reality, client outcomes, founder direction. Downstream: All domains, governance, resource allocation, cadence, roadmap, risk management.",The Agency Draft 1.2\05_Execution\MANAGEMENT_EXECUTION_PLAYBOOK.md,"1. Confirm source inventory; 2. create canonical markdown; 3. assign owner/RACI; 4. register dependencies and handoffs; 5. define validation and dashboard signals; 6. approve, version, and schedule evolution review.","Management Execution is complete when the markdown exists at the recommended placement, has an owner and cadence, references source IDs, is registered in the local and agency registry, defines validation and observability, and has a version/evolution log entry."
MANAGEMENT-WORKFLOWS,The Agency Draft 1.2,Management,Management Workflows Control Gap,Workflows,"Agency management, strategic command, cross-domain dependency, resource allocation, and operating model layer.",Partially Present,Medium-High,"Management operators cannot reliably answer who owns workflows, what is current, what must happen next, which evidence is authoritative, or how completion is proven.","Domain knowledge exists mainly as DOCX drafts, so it lacks controlled markdown registries, protocols, owners, validation gates, and runtime memory.","Promote workflows into the authoritative Management OS layer with source IDs, owner, governance rule, dependency links, validation gate, dashboard signal, memory update, and version path.",The Agency Draft 1.2\05_Execution\MANAGEMENT_WORKFLOW_CATALOG.md,Management Workflows protocol: trigger -> source evidence -> owner review -> approval/risk check -> execution or handoff -> validation -> memory/version update.,MANAGEMENT_MASTER_REGISTRY plus Agency Global Source Registry.,"Management OS Owner / Agency Strategy Lead approves ownership, risk class, cadence, and escalation route.",Management OS Owner / Agency Strategy Lead,"Route through Management orchestration and the agency dependency graph: upstream All domain intelligence, finance, market reality, client outcomes, founder direction; downstream All domains, governance, resource allocation, cadence, roadmap, risk management.","Entry criteria, source evidence check, owner sign-off, handoff acceptance, and completion gate.","Dashboard status, freshness date, owner review cadence, risk indicator, and gap closure metric.","Decision log entry, version log entry, quarterly review, and source registry state update.","Upstream: All domain intelligence, finance, market reality, client outcomes, founder direction. Downstream: All domains, governance, resource allocation, cadence, roadmap, risk management.",The Agency Draft 1.2\05_Execution\MANAGEMENT_WORKFLOW_CATALOG.md,"1. Confirm source inventory; 2. create canonical markdown; 3. assign owner/RACI; 4. register dependencies and handoffs; 5. define validation and dashboard signals; 6. approve, version, and schedule evolution review.","Management Workflows is complete when the markdown exists at the recommended placement, has an owner and cadence, references source IDs, is registered in the local and agency registry, defines validation and observability, and has a version/evolution log entry."
MANAGEMENT-AGENTS,The Agency Draft 1.2,Management,Management Agents Control Gap,Agents,"Agency management, strategic command, cross-domain dependency, resource allocation, and operating model layer.",Partially Present,Medium,"Management operators cannot reliably answer who owns agents, what is current, what must happen next, which evidence is authoritative, or how completion is proven.","Domain knowledge exists mainly as DOCX drafts, so it lacks controlled markdown registries, protocols, owners, validation gates, and runtime memory.","Promote agents into the authoritative Management OS layer with source IDs, owner, governance rule, dependency links, validation gate, dashboard signal, memory update, and version path.",The Agency Draft 1.2\06_Automation\MANAGEMENT_AGENT_REGISTRY.md,Management Agents protocol: trigger -> source evidence -> owner review -> approval/risk check -> execution or handoff -> validation -> memory/version update.,MANAGEMENT_MASTER_REGISTRY plus Agency Global Source Registry.,"Management OS Owner / Agency Strategy Lead approves ownership, risk class, cadence, and escalation route.",Management OS Owner / Agency Strategy Lead,"Route through Management orchestration and the agency dependency graph: upstream All domain intelligence, finance, market reality, client outcomes, founder direction; downstream All domains, governance, resource allocation, cadence, roadmap, risk management.","Entry criteria, source evidence check, owner sign-off, handoff acceptance, and completion gate.","Dashboard status, freshness date, owner review cadence, risk indicator, and gap closure metric.","Decision log entry, version log entry, quarterly review, and source registry state update.","Upstream: All domain intelligence, finance, market reality, client outcomes, founder direction. Downstream: All domains, governance, resource allocation, cadence, roadmap, risk management.",The Agency Draft 1.2\06_Automation\MANAGEMENT_AGENT_REGISTRY.md,"1. Confirm source inventory; 2. create canonical markdown; 3. assign owner/RACI; 4. register dependencies and handoffs; 5. define validation and dashboard signals; 6. approve, version, and schedule evolution review.","Management Agents is complete when the markdown exists at the recommended placement, has an owner and cadence, references source IDs, is registered in the local and agency registry, defines validation and observability, and has a version/evolution log entry."
MANAGEMENT-TOOLS,The Agency Draft 1.2,Management,Management Tools Control Gap,Tools,"Agency management, strategic command, cross-domain dependency, resource allocation, and operating model layer.",Partially Present,Medium,"Management operators cannot reliably answer who owns tools, what is current, what must happen next, which evidence is authoritative, or how completion is proven.","Domain knowledge exists mainly as DOCX drafts, so it lacks controlled markdown registries, protocols, owners, validation gates, and runtime memory.","Promote tools into the authoritative Management OS layer with source IDs, owner, governance rule, dependency links, validation gate, dashboard signal, memory update, and version path.",The Agency Draft 1.2\06_Automation\MANAGEMENT_TOOL_AND_CONNECTOR_REGISTRY.md,Management Tools protocol: trigger -> source evidence -> owner review -> approval/risk check -> execution or handoff -> validation -> memory/version update.,MANAGEMENT_MASTER_REGISTRY plus Agency Global Source Registry.,"Management OS Owner / Agency Strategy Lead approves ownership, risk class, cadence, and escalation route.",Management OS Owner / Agency Strategy Lead,"Route through Management orchestration and the agency dependency graph: upstream All domain intelligence, finance, market reality, client outcomes, founder direction; downstream All domains, governance, resource allocation, cadence, roadmap, risk management.","Entry criteria, source evidence check, owner sign-off, handoff acceptance, and completion gate.","Dashboard status, freshness date, owner review cadence, risk indicator, and gap closure metric.","Decision log entry, version log entry, quarterly review, and source registry state update.","Upstream: All domain intelligence, finance, market reality, client outcomes, founder direction. Downstream: All domains, governance, resource allocation, cadence, roadmap, risk management.",The Agency Draft 1.2\06_Automation\MANAGEMENT_TOOL_AND_CONNECTOR_REGISTRY.md,"1. Confirm source inventory; 2. create canonical markdown; 3. assign owner/RACI; 4. register dependencies and handoffs; 5. define validation and dashboard signals; 6. approve, version, and schedule evolution review.","Management Tools is complete when the markdown exists at the recommended placement, has an owner and cadence, references source IDs, is registered in the local and agency registry, defines validation and observability, and has a version/evolution log entry."
MANAGEMENT-SCHEMAS,The Agency Draft 1.2,Management,Management Schemas Control Gap,Schemas,"Agency management, strategic command, cross-domain dependency, resource allocation, and operating model layer.",Partially Present,Medium,"Management operators cannot reliably answer who owns schemas, what is current, what must happen next, which evidence is authoritative, or how completion is proven.","Domain knowledge exists mainly as DOCX drafts, so it lacks controlled markdown registries, protocols, owners, validation gates, and runtime memory.","Promote schemas into the authoritative Management OS layer with source IDs, owner, governance rule, dependency links, validation gate, dashboard signal, memory update, and version path.",The Agency Draft 1.2\07_Schemas\MANAGEMENT_DATA_CONTRACTS_AND_SCHEMAS.md,Management Schemas protocol: trigger -> source evidence -> owner review -> approval/risk check -> execution or handoff -> validation -> memory/version update.,MANAGEMENT_MASTER_REGISTRY plus Agency Global Source Registry.,"Management OS Owner / Agency Strategy Lead approves ownership, risk class, cadence, and escalation route.",Management OS Owner / Agency Strategy Lead,"Route through Management orchestration and the agency dependency graph: upstream All domain intelligence, finance, market reality, client outcomes, founder direction; downstream All domains, governance, resource allocation, cadence, roadmap, risk management.","Entry criteria, source evidence check, owner sign-off, handoff acceptance, and completion gate.","Dashboard status, freshness date, owner review cadence, risk indicator, and gap closure metric.","Decision log entry, version log entry, quarterly review, and source registry state update.","Upstream: All domain intelligence, finance, market reality, client outcomes, founder direction. Downstream: All domains, governance, resource allocation, cadence, roadmap, risk management.",The Agency Draft 1.2\07_Schemas\MANAGEMENT_DATA_CONTRACTS_AND_SCHEMAS.md,"1. Confirm source inventory; 2. create canonical markdown; 3. assign owner/RACI; 4. register dependencies and handoffs; 5. define validation and dashboard signals; 6. approve, version, and schedule evolution review.","Management Schemas is complete when the markdown exists at the recommended placement, has an owner and cadence, references source IDs, is registered in the local and agency registry, defines validation and observability, and has a version/evolution log entry."
MANAGEMENT-EVENTS,The Agency Draft 1.2,Management,Management Events Control Gap,Events,"Agency management, strategic command, cross-domain dependency, resource allocation, and operating model layer.",Partially Present,Medium,"Management operators cannot reliably answer who owns events, what is current, what must happen next, which evidence is authoritative, or how completion is proven.","Domain knowledge exists mainly as DOCX drafts, so it lacks controlled markdown registries, protocols, owners, validation gates, and runtime memory.","Promote events into the authoritative Management OS layer with source IDs, owner, governance rule, dependency links, validation gate, dashboard signal, memory update, and version path.",The Agency Draft 1.2\07_Schemas\MANAGEMENT_EVENT_CATALOG.md,Management Events protocol: trigger -> source evidence -> owner review -> approval/risk check -> execution or handoff -> validation -> memory/version update.,MANAGEMENT_MASTER_REGISTRY plus Agency Global Source Registry.,"Management OS Owner / Agency Strategy Lead approves ownership, risk class, cadence, and escalation route.",Management OS Owner / Agency Strategy Lead,"Route through Management orchestration and the agency dependency graph: upstream All domain intelligence, finance, market reality, client outcomes, founder direction; downstream All domains, governance, resource allocation, cadence, roadmap, risk management.","Entry criteria, source evidence check, owner sign-off, handoff acceptance, and completion gate.","Dashboard status, freshness date, owner review cadence, risk indicator, and gap closure metric.","Decision log entry, version log entry, quarterly review, and source registry state update.","Upstream: All domain intelligence, finance, market reality, client outcomes, founder direction. Downstream: All domains, governance, resource allocation, cadence, roadmap, risk management.",The Agency Draft 1.2\07_Schemas\MANAGEMENT_EVENT_CATALOG.md,"1. Confirm source inventory; 2. create canonical markdown; 3. assign owner/RACI; 4. register dependencies and handoffs; 5. define validation and dashboard signals; 6. approve, version, and schedule evolution review.","Management Events is complete when the markdown exists at the recommended placement, has an owner and cadence, references source IDs, is registered in the local and agency registry, defines validation and observability, and has a version/evolution log entry."
MANAGEMENT-ARTIFACTS,The Agency Draft 1.2,Management,Management Artifacts Control Gap,Artifacts,"Agency management, strategic command, cross-domain dependency, resource allocation, and operating model layer.",Partially Present,Medium,"Management operators cannot reliably answer who owns artifacts, what is current, what must happen next, which evidence is authoritative, or how completion is proven.","Domain knowledge exists mainly as DOCX drafts, so it lacks controlled markdown registries, protocols, owners, validation gates, and runtime memory.","Promote artifacts into the authoritative Management OS layer with source IDs, owner, governance rule, dependency links, validation gate, dashboard signal, memory update, and version path.",The Agency Draft 1.2\08_Artifacts\MANAGEMENT_ARTIFACT_CATALOG.md,Management Artifacts protocol: trigger -> source evidence -> owner review -> approval/risk check -> execution or handoff -> validation -> memory/version update.,MANAGEMENT_MASTER_REGISTRY plus Agency Global Source Registry.,"Management OS Owner / Agency Strategy Lead approves ownership, risk class, cadence, and escalation route.",Management OS Owner / Agency Strategy Lead,"Route through Management orchestration and the agency dependency graph: upstream All domain intelligence, finance, market reality, client outcomes, founder direction; downstream All domains, governance, resource allocation, cadence, roadmap, risk management.","Entry criteria, source evidence check, owner sign-off, handoff acceptance, and completion gate.","Dashboard status, freshness date, owner review cadence, risk indicator, and gap closure metric.","Decision log entry, version log entry, quarterly review, and source registry state update.","Upstream: All domain intelligence, finance, market reality, client outcomes, founder direction. Downstream: All domains, governance, resource allocation, cadence, roadmap, risk management.",The Agency Draft 1.2\08_Artifacts\MANAGEMENT_ARTIFACT_CATALOG.md,"1. Confirm source inventory; 2. create canonical markdown; 3. assign owner/RACI; 4. register dependencies and handoffs; 5. define validation and dashboard signals; 6. approve, version, and schedule evolution review.","Management Artifacts is complete when the markdown exists at the recommended placement, has an owner and cadence, references source IDs, is registered in the local and agency registry, defines validation and observability, and has a version/evolution log entry."
MANAGEMENT-OWNERSHIP,The Agency Draft 1.2,Management,Management Ownership Control Gap,Ownership,"Agency management, strategic command, cross-domain dependency, resource allocation, and operating model layer.",Partially Present,High,"Management operators cannot reliably answer who owns ownership, what is current, what must happen next, which evidence is authoritative, or how completion is proven.","Domain knowledge exists mainly as DOCX drafts, so it lacks controlled markdown registries, protocols, owners, validation gates, and runtime memory.","Promote ownership into the authoritative Management OS layer with source IDs, owner, governance rule, dependency links, validation gate, dashboard signal, memory update, and version path.",The Agency Draft 1.2\00_Governance\MANAGEMENT_OWNERSHIP_RACI.md,Management Ownership protocol: trigger -> source evidence -> owner review -> approval/risk check -> execution or handoff -> validation -> memory/version update.,MANAGEMENT_MASTER_REGISTRY plus Agency Global Source Registry.,"Management OS Owner / Agency Strategy Lead approves ownership, risk class, cadence, and escalation route.",Management OS Owner / Agency Strategy Lead,"Route through Management orchestration and the agency dependency graph: upstream All domain intelligence, finance, market reality, client outcomes, founder direction; downstream All domains, governance, resource allocation, cadence, roadmap, risk management.","Entry criteria, source evidence check, owner sign-off, handoff acceptance, and completion gate.","Dashboard status, freshness date, owner review cadence, risk indicator, and gap closure metric.","Decision log entry, version log entry, quarterly review, and source registry state update.","Upstream: All domain intelligence, finance, market reality, client outcomes, founder direction. Downstream: All domains, governance, resource allocation, cadence, roadmap, risk management.",The Agency Draft 1.2\00_Governance\MANAGEMENT_OWNERSHIP_RACI.md,"1. Confirm source inventory; 2. create canonical markdown; 3. assign owner/RACI; 4. register dependencies and handoffs; 5. define validation and dashboard signals; 6. approve, version, and schedule evolution review.","Management Ownership is complete when the markdown exists at the recommended placement, has an owner and cadence, references source IDs, is registered in the local and agency registry, defines validation and observability, and has a version/evolution log entry."
MANAGEMENT-VALIDATION,The Agency Draft 1.2,Management,Management Validation Control Gap,Validation,"Agency management, strategic command, cross-domain dependency, resource allocation, and operating model layer.",Partially Present,High,"Management operators cannot reliably answer who owns validation, what is current, what must happen next, which evidence is authoritative, or how completion is proven.","Domain knowledge exists mainly as DOCX drafts, so it lacks controlled markdown registries, protocols, owners, validation gates, and runtime memory.","Promote validation into the authoritative Management OS layer with source IDs, owner, governance rule, dependency links, validation gate, dashboard signal, memory update, and version path.",The Agency Draft 1.2\09_Validation\MANAGEMENT_VALIDATION_GATES.md,Management Validation protocol: trigger -> source evidence -> owner review -> approval/risk check -> execution or handoff -> validation -> memory/version update.,MANAGEMENT_MASTER_REGISTRY plus Agency Global Source Registry.,"Management OS Owner / Agency Strategy Lead approves ownership, risk class, cadence, and escalation route.",Management OS Owner / Agency Strategy Lead,"Route through Management orchestration and the agency dependency graph: upstream All domain intelligence, finance, market reality, client outcomes, founder direction; downstream All domains, governance, resource allocation, cadence, roadmap, risk management.","Entry criteria, source evidence check, owner sign-off, handoff acceptance, and completion gate.","Dashboard status, freshness date, owner review cadence, risk indicator, and gap closure metric.","Decision log entry, version log entry, quarterly review, and source registry state update.","Upstream: All domain intelligence, finance, market reality, client outcomes, founder direction. Downstream: All domains, governance, resource allocation, cadence, roadmap, risk management.",The Agency Draft 1.2\09_Validation\MANAGEMENT_VALIDATION_GATES.md,"1. Confirm source inventory; 2. create canonical markdown; 3. assign owner/RACI; 4. register dependencies and handoffs; 5. define validation and dashboard signals; 6. approve, version, and schedule evolution review.","Management Validation is complete when the markdown exists at the recommended placement, has an owner and cadence, references source IDs, is registered in the local and agency registry, defines validation and observability, and has a version/evolution log entry."
MANAGEMENT-OBSERVABILITY,The Agency Draft 1.2,Management,Management Observability Control Gap,Observability,"Agency management, strategic command, cross-domain dependency, resource allocation, and operating model layer.",Partially Present,High,"Management operators cannot reliably answer who owns observability, what is current, what must happen next, which evidence is authoritative, or how completion is proven.","Domain knowledge exists mainly as DOCX drafts, so it lacks controlled markdown registries, protocols, owners, validation gates, and runtime memory.","Promote observability into the authoritative Management OS layer with source IDs, owner, governance rule, dependency links, validation gate, dashboard signal, memory update, and version path.",The Agency Draft 1.2\10_Observability\MANAGEMENT_OBSERVABILITY_DASHBOARD_SPEC.md,Management Observability protocol: trigger -> source evidence -> owner review -> approval/risk check -> execution or handoff -> validation -> memory/version update.,MANAGEMENT_MASTER_REGISTRY plus Agency Global Source Registry.,"Management OS Owner / Agency Strategy Lead approves ownership, risk class, cadence, and escalation route.",Management OS Owner / Agency Strategy Lead,"Route through Management orchestration and the agency dependency graph: upstream All domain intelligence, finance, market reality, client outcomes, founder direction; downstream All domains, governance, resource allocation, cadence, roadmap, risk management.","Entry criteria, source evidence check, owner sign-off, handoff acceptance, and completion gate.","Dashboard status, freshness date, owner review cadence, risk indicator, and gap closure metric.","Decision log entry, version log entry, quarterly review, and source registry state update.","Upstream: All domain intelligence, finance, market reality, client outcomes, founder direction. Downstream: All domains, governance, resource allocation, cadence, roadmap, risk management.",The Agency Draft 1.2\10_Observability\MANAGEMENT_OBSERVABILITY_DASHBOARD_SPEC.md,"1. Confirm source inventory; 2. create canonical markdown; 3. assign owner/RACI; 4. register dependencies and handoffs; 5. define validation and dashboard signals; 6. approve, version, and schedule evolution review.","Management Observability is complete when the markdown exists at the recommended placement, has an owner and cadence, references source IDs, is registered in the local and agency registry, defines validation and observability, and has a version/evolution log entry."
MANAGEMENT-INFORMATION-STORAGE,The Agency Draft 1.2,Management,Management Information Storage Control Gap,Information Storage,"Agency management, strategic command, cross-domain dependency, resource allocation, and operating model layer.",Partially Present,Medium,"Management operators cannot reliably answer who owns information storage, what is current, what must happen next, which evidence is authoritative, or how completion is proven.","Domain knowledge exists mainly as DOCX drafts, so it lacks controlled markdown registries, protocols, owners, validation gates, and runtime memory.","Promote information storage into the authoritative Management OS layer with source IDs, owner, governance rule, dependency links, validation gate, dashboard signal, memory update, and version path.",The Agency Draft 1.2\10_Observability\MANAGEMENT_INFORMATION_STORAGE_AND_PERSISTENCE_MAP.md,Management Information Storage protocol: trigger -> source evidence -> owner review -> approval/risk check -> execution or handoff -> validation -> memory/version update.,MANAGEMENT_MASTER_REGISTRY plus Agency Global Source Registry.,"Management OS Owner / Agency Strategy Lead approves ownership, risk class, cadence, and escalation route.",Management OS Owner / Agency Strategy Lead,"Route through Management orchestration and the agency dependency graph: upstream All domain intelligence, finance, market reality, client outcomes, founder direction; downstream All domains, governance, resource allocation, cadence, roadmap, risk management.","Entry criteria, source evidence check, owner sign-off, handoff acceptance, and completion gate.","Dashboard status, freshness date, owner review cadence, risk indicator, and gap closure metric.","Decision log entry, version log entry, quarterly review, and source registry state update.","Upstream: All domain intelligence, finance, market reality, client outcomes, founder direction. Downstream: All domains, governance, resource allocation, cadence, roadmap, risk management.",The Agency Draft 1.2\10_Observability\MANAGEMENT_INFORMATION_STORAGE_AND_PERSISTENCE_MAP.md,"1. Confirm source inventory; 2. create canonical markdown; 3. assign owner/RACI; 4. register dependencies and handoffs; 5. define validation and dashboard signals; 6. approve, version, and schedule evolution review.","Management Information Storage is complete when the markdown exists at the recommended placement, has an owner and cadence, references source IDs, is registered in the local and agency registry, defines validation and observability, and has a version/evolution log entry."
MANAGEMENT-HISTORICAL-MEMORY,The Agency Draft 1.2,Management,Management Historical Memory Control Gap,Historical Memory,"Agency management, strategic command, cross-domain dependency, resource allocation, and operating model layer.",Missing,Medium-High,"Management operators cannot reliably answer who owns historical memory, what is current, what must happen next, which evidence is authoritative, or how completion is proven.","Domain knowledge exists mainly as DOCX drafts, so it lacks controlled markdown registries, protocols, owners, validation gates, and runtime memory.","Promote historical memory into the authoritative Management OS layer with source IDs, owner, governance rule, dependency links, validation gate, dashboard signal, memory update, and version path.",The Agency Draft 1.2\11_Memory\MANAGEMENT_HISTORICAL_MEMORY_LOG.md,Management Historical Memory protocol: trigger -> source evidence -> owner review -> approval/risk check -> execution or handoff -> validation -> memory/version update.,MANAGEMENT_MASTER_REGISTRY plus Agency Global Source Registry.,"Management OS Owner / Agency Strategy Lead approves ownership, risk class, cadence, and escalation route.",Management OS Owner / Agency Strategy Lead,"Route through Management orchestration and the agency dependency graph: upstream All domain intelligence, finance, market reality, client outcomes, founder direction; downstream All domains, governance, resource allocation, cadence, roadmap, risk management.","Entry criteria, source evidence check, owner sign-off, handoff acceptance, and completion gate.","Dashboard status, freshness date, owner review cadence, risk indicator, and gap closure metric.","Decision log entry, version log entry, quarterly review, and source registry state update.","Upstream: All domain intelligence, finance, market reality, client outcomes, founder direction. Downstream: All domains, governance, resource allocation, cadence, roadmap, risk management.",The Agency Draft 1.2\11_Memory\MANAGEMENT_HISTORICAL_MEMORY_LOG.md,"1. Confirm source inventory; 2. create canonical markdown; 3. assign owner/RACI; 4. register dependencies and handoffs; 5. define validation and dashboard signals; 6. approve, version, and schedule evolution review.","Management Historical Memory is complete when the markdown exists at the recommended placement, has an owner and cadence, references source IDs, is registered in the local and agency registry, defines validation and observability, and has a version/evolution log entry."
MANAGEMENT-OPERATIONAL-MEMORY,The Agency Draft 1.2,Management,Management Operational Memory Control Gap,Operational Memory,"Agency management, strategic command, cross-domain dependency, resource allocation, and operating model layer.",Partially Present,Medium,"Management operators cannot reliably answer who owns operational memory, what is current, what must happen next, which evidence is authoritative, or how completion is proven.","Domain knowledge exists mainly as DOCX drafts, so it lacks controlled markdown registries, protocols, owners, validation gates, and runtime memory.","Promote operational memory into the authoritative Management OS layer with source IDs, owner, governance rule, dependency links, validation gate, dashboard signal, memory update, and version path.",The Agency Draft 1.2\11_Memory\MANAGEMENT_OPERATIONAL_MEMORY_LOG.md,Management Operational Memory protocol: trigger -> source evidence -> owner review -> approval/risk check -> execution or handoff -> validation -> memory/version update.,MANAGEMENT_MASTER_REGISTRY plus Agency Global Source Registry.,"Management OS Owner / Agency Strategy Lead approves ownership, risk class, cadence, and escalation route.",Management OS Owner / Agency Strategy Lead,"Route through Management orchestration and the agency dependency graph: upstream All domain intelligence, finance, market reality, client outcomes, founder direction; downstream All domains, governance, resource allocation, cadence, roadmap, risk management.","Entry criteria, source evidence check, owner sign-off, handoff acceptance, and completion gate.","Dashboard status, freshness date, owner review cadence, risk indicator, and gap closure metric.","Decision log entry, version log entry, quarterly review, and source registry state update.","Upstream: All domain intelligence, finance, market reality, client outcomes, founder direction. Downstream: All domains, governance, resource allocation, cadence, roadmap, risk management.",The Agency Draft 1.2\11_Memory\MANAGEMENT_OPERATIONAL_MEMORY_LOG.md,"1. Confirm source inventory; 2. create canonical markdown; 3. assign owner/RACI; 4. register dependencies and handoffs; 5. define validation and dashboard signals; 6. approve, version, and schedule evolution review.","Management Operational Memory is complete when the markdown exists at the recommended placement, has an owner and cadence, references source IDs, is registered in the local and agency registry, defines validation and observability, and has a version/evolution log entry."
MANAGEMENT-DECISION-MEMORY,The Agency Draft 1.2,Management,Management Decision Memory Control Gap,Decision Memory,"Agency management, strategic command, cross-domain dependency, resource allocation, and operating model layer.",Partially Present,Medium-High,"Management operators cannot reliably answer who owns decision memory, what is current, what must happen next, which evidence is authoritative, or how completion is proven.","Domain knowledge exists mainly as DOCX drafts, so it lacks controlled markdown registries, protocols, owners, validation gates, and runtime memory.","Promote decision memory into the authoritative Management OS layer with source IDs, owner, governance rule, dependency links, validation gate, dashboard signal, memory update, and version path.",The Agency Draft 1.2\11_Memory\MANAGEMENT_DECISION_LOG.md,Management Decision Memory protocol: trigger -> source evidence -> owner review -> approval/risk check -> execution or handoff -> validation -> memory/version update.,MANAGEMENT_MASTER_REGISTRY plus Agency Global Source Registry.,"Management OS Owner / Agency Strategy Lead approves ownership, risk class, cadence, and escalation route.",Management OS Owner / Agency Strategy Lead,"Route through Management orchestration and the agency dependency graph: upstream All domain intelligence, finance, market reality, client outcomes, founder direction; downstream All domains, governance, resource allocation, cadence, roadmap, risk management.","Entry criteria, source evidence check, owner sign-off, handoff acceptance, and completion gate.","Dashboard status, freshness date, owner review cadence, risk indicator, and gap closure metric.","Decision log entry, version log entry, quarterly review, and source registry state update.","Upstream: All domain intelligence, finance, market reality, client outcomes, founder direction. Downstream: All domains, governance, resource allocation, cadence, roadmap, risk management.",The Agency Draft 1.2\11_Memory\MANAGEMENT_DECISION_LOG.md,"1. Confirm source inventory; 2. create canonical markdown; 3. assign owner/RACI; 4. register dependencies and handoffs; 5. define validation and dashboard signals; 6. approve, version, and schedule evolution review.","Management Decision Memory is complete when the markdown exists at the recommended placement, has an owner and cadence, references source IDs, is registered in the local and agency registry, defines validation and observability, and has a version/evolution log entry."
MANAGEMENT-EXECUTION-MEMORY,The Agency Draft 1.2,Management,Management Execution Memory Control Gap,Execution Memory,"Agency management, strategic command, cross-domain dependency, resource allocation, and operating model layer.",Partially Present,Medium,"Management operators cannot reliably answer who owns execution memory, what is current, what must happen next, which evidence is authoritative, or how completion is proven.","Domain knowledge exists mainly as DOCX drafts, so it lacks controlled markdown registries, protocols, owners, validation gates, and runtime memory.","Promote execution memory into the authoritative Management OS layer with source IDs, owner, governance rule, dependency links, validation gate, dashboard signal, memory update, and version path.",The Agency Draft 1.2\11_Memory\MANAGEMENT_EXECUTION_LOG.md,Management Execution Memory protocol: trigger -> source evidence -> owner review -> approval/risk check -> execution or handoff -> validation -> memory/version update.,MANAGEMENT_MASTER_REGISTRY plus Agency Global Source Registry.,"Management OS Owner / Agency Strategy Lead approves ownership, risk class, cadence, and escalation route.",Management OS Owner / Agency Strategy Lead,"Route through Management orchestration and the agency dependency graph: upstream All domain intelligence, finance, market reality, client outcomes, founder direction; downstream All domains, governance, resource allocation, cadence, roadmap, risk management.","Entry criteria, source evidence check, owner sign-off, handoff acceptance, and completion gate.","Dashboard status, freshness date, owner review cadence, risk indicator, and gap closure metric.","Decision log entry, version log entry, quarterly review, and source registry state update.","Upstream: All domain intelligence, finance, market reality, client outcomes, founder direction. Downstream: All domains, governance, resource allocation, cadence, roadmap, risk management.",The Agency Draft 1.2\11_Memory\MANAGEMENT_EXECUTION_LOG.md,"1. Confirm source inventory; 2. create canonical markdown; 3. assign owner/RACI; 4. register dependencies and handoffs; 5. define validation and dashboard signals; 6. approve, version, and schedule evolution review.","Management Execution Memory is complete when the markdown exists at the recommended placement, has an owner and cadence, references source IDs, is registered in the local and agency registry, defines validation and observability, and has a version/evolution log entry."
MANAGEMENT-LEARNING-SYSTEMS,The Agency Draft 1.2,Management,Management Learning Systems Control Gap,Learning Systems,"Agency management, strategic command, cross-domain dependency, resource allocation, and operating model layer.",Partially Present,Medium,"Management operators cannot reliably answer who owns learning systems, what is current, what must happen next, which evidence is authoritative, or how completion is proven.","Domain knowledge exists mainly as DOCX drafts, so it lacks controlled markdown registries, protocols, owners, validation gates, and runtime memory.","Promote learning systems into the authoritative Management OS layer with source IDs, owner, governance rule, dependency links, validation gate, dashboard signal, memory update, and version path.",The Agency Draft 1.2\12_Learning\MANAGEMENT_LEARNING_LOOP_PROTOCOL.md,Management Learning Systems protocol: trigger -> source evidence -> owner review -> approval/risk check -> execution or handoff -> validation -> memory/version update.,MANAGEMENT_MASTER_REGISTRY plus Agency Global Source Registry.,"Management OS Owner / Agency Strategy Lead approves ownership, risk class, cadence, and escalation route.",Management OS Owner / Agency Strategy Lead,"Route through Management orchestration and the agency dependency graph: upstream All domain intelligence, finance, market reality, client outcomes, founder direction; downstream All domains, governance, resource allocation, cadence, roadmap, risk management.","Entry criteria, source evidence check, owner sign-off, handoff acceptance, and completion gate.","Dashboard status, freshness date, owner review cadence, risk indicator, and gap closure metric.","Decision log entry, version log entry, quarterly review, and source registry state update.","Upstream: All domain intelligence, finance, market reality, client outcomes, founder direction. Downstream: All domains, governance, resource allocation, cadence, roadmap, risk management.",The Agency Draft 1.2\12_Learning\MANAGEMENT_LEARNING_LOOP_PROTOCOL.md,"1. Confirm source inventory; 2. create canonical markdown; 3. assign owner/RACI; 4. register dependencies and handoffs; 5. define validation and dashboard signals; 6. approve, version, and schedule evolution review.","Management Learning Systems is complete when the markdown exists at the recommended placement, has an owner and cadence, references source IDs, is registered in the local and agency registry, defines validation and observability, and has a version/evolution log entry."
MANAGEMENT-ENTERPRISE-CONTROLS,The Agency Draft 1.2,Management,Management Enterprise Controls Control Gap,Enterprise Controls,"Agency management, strategic command, cross-domain dependency, resource allocation, and operating model layer.",Partially Present,Medium-High,"Management operators cannot reliably answer who owns enterprise controls, what is current, what must happen next, which evidence is authoritative, or how completion is proven.","Domain knowledge exists mainly as DOCX drafts, so it lacks controlled markdown registries, protocols, owners, validation gates, and runtime memory.","Promote enterprise controls into the authoritative Management OS layer with source IDs, owner, governance rule, dependency links, validation gate, dashboard signal, memory update, and version path.",The Agency Draft 1.2\00_Governance\MANAGEMENT_ENTERPRISE_CONTROLS.md,Management Enterprise Controls protocol: trigger -> source evidence -> owner review -> approval/risk check -> execution or handoff -> validation -> memory/version update.,MANAGEMENT_MASTER_REGISTRY plus Agency Global Source Registry.,"Management OS Owner / Agency Strategy Lead approves ownership, risk class, cadence, and escalation route.",Management OS Owner / Agency Strategy Lead,"Route through Management orchestration and the agency dependency graph: upstream All domain intelligence, finance, market reality, client outcomes, founder direction; downstream All domains, governance, resource allocation, cadence, roadmap, risk management.","Entry criteria, source evidence check, owner sign-off, handoff acceptance, and completion gate.","Dashboard status, freshness date, owner review cadence, risk indicator, and gap closure metric.","Decision log entry, version log entry, quarterly review, and source registry state update.","Upstream: All domain intelligence, finance, market reality, client outcomes, founder direction. Downstream: All domains, governance, resource allocation, cadence, roadmap, risk management.",The Agency Draft 1.2\00_Governance\MANAGEMENT_ENTERPRISE_CONTROLS.md,"1. Confirm source inventory; 2. create canonical markdown; 3. assign owner/RACI; 4. register dependencies and handoffs; 5. define validation and dashboard signals; 6. approve, version, and schedule evolution review.","Management Enterprise Controls is complete when the markdown exists at the recommended placement, has an owner and cadence, references source IDs, is registered in the local and agency registry, defines validation and observability, and has a version/evolution log entry."
MANAGEMENT-AUTOMATION,The Agency Draft 1.2,Management,Management Automation Control Gap,Automation,"Agency management, strategic command, cross-domain dependency, resource allocation, and operating model layer.",Partially Present,Medium-High,"Management operators cannot reliably answer who owns automation, what is current, what must happen next, which evidence is authoritative, or how completion is proven.","Domain knowledge exists mainly as DOCX drafts, so it lacks controlled markdown registries, protocols, owners, validation gates, and runtime memory.","Promote automation into the authoritative Management OS layer with source IDs, owner, governance rule, dependency links, validation gate, dashboard signal, memory update, and version path.",The Agency Draft 1.2\06_Automation\MANAGEMENT_AUTOMATION_REGISTRY_AND_APPROVAL_MATRIX.md,Management Automation protocol: trigger -> source evidence -> owner review -> approval/risk check -> execution or handoff -> validation -> memory/version update.,MANAGEMENT_MASTER_REGISTRY plus Agency Global Source Registry.,"Management OS Owner / Agency Strategy Lead approves ownership, risk class, cadence, and escalation route.",Management OS Owner / Agency Strategy Lead,"Route through Management orchestration and the agency dependency graph: upstream All domain intelligence, finance, market reality, client outcomes, founder direction; downstream All domains, governance, resource allocation, cadence, roadmap, risk management.","Entry criteria, source evidence check, owner sign-off, handoff acceptance, and completion gate.","Dashboard status, freshness date, owner review cadence, risk indicator, and gap closure metric.","Decision log entry, version log entry, quarterly review, and source registry state update.","Upstream: All domain intelligence, finance, market reality, client outcomes, founder direction. Downstream: All domains, governance, resource allocation, cadence, roadmap, risk management.",The Agency Draft 1.2\06_Automation\MANAGEMENT_AUTOMATION_REGISTRY_AND_APPROVAL_MATRIX.md,"1. Confirm source inventory; 2. create canonical markdown; 3. assign owner/RACI; 4. register dependencies and handoffs; 5. define validation and dashboard signals; 6. approve, version, and schedule evolution review.","Management Automation is complete when the markdown exists at the recommended placement, has an owner and cadence, references source IDs, is registered in the local and agency registry, defines validation and observability, and has a version/evolution log entry."
MANAGEMENT-SECURITY,The Agency Draft 1.2,Management,Management Security Control Gap,Security,"Agency management, strategic command, cross-domain dependency, resource allocation, and operating model layer.",Partially Present,Medium,"Management operators cannot reliably answer who owns security, what is current, what must happen next, which evidence is authoritative, or how completion is proven.","Domain knowledge exists mainly as DOCX drafts, so it lacks controlled markdown registries, protocols, owners, validation gates, and runtime memory.","Promote security into the authoritative Management OS layer with source IDs, owner, governance rule, dependency links, validation gate, dashboard signal, memory update, and version path.",The Agency Draft 1.2\00_Governance\MANAGEMENT_SECURITY_AND_ACCESS_POLICY.md,Management Security protocol: trigger -> source evidence -> owner review -> approval/risk check -> execution or handoff -> validation -> memory/version update.,MANAGEMENT_MASTER_REGISTRY plus Agency Global Source Registry.,"Management OS Owner / Agency Strategy Lead approves ownership, risk class, cadence, and escalation route.",Management OS Owner / Agency Strategy Lead,"Route through Management orchestration and the agency dependency graph: upstream All domain intelligence, finance, market reality, client outcomes, founder direction; downstream All domains, governance, resource allocation, cadence, roadmap, risk management.","Entry criteria, source evidence check, owner sign-off, handoff acceptance, and completion gate.","Dashboard status, freshness date, owner review cadence, risk indicator, and gap closure metric.","Decision log entry, version log entry, quarterly review, and source registry state update.","Upstream: All domain intelligence, finance, market reality, client outcomes, founder direction. Downstream: All domains, governance, resource allocation, cadence, roadmap, risk management.",The Agency Draft 1.2\00_Governance\MANAGEMENT_SECURITY_AND_ACCESS_POLICY.md,"1. Confirm source inventory; 2. create canonical markdown; 3. assign owner/RACI; 4. register dependencies and handoffs; 5. define validation and dashboard signals; 6. approve, version, and schedule evolution review.","Management Security is complete when the markdown exists at the recommended placement, has an owner and cadence, references source IDs, is registered in the local and agency registry, defines validation and observability, and has a version/evolution log entry."
MANAGEMENT-RESOURCES,The Agency Draft 1.2,Management,Management Resources Control Gap,Resources,"Agency management, strategic command, cross-domain dependency, resource allocation, and operating model layer.",Partially Present,Medium,"Management operators cannot reliably answer who owns resources, what is current, what must happen next, which evidence is authoritative, or how completion is proven.","Domain knowledge exists mainly as DOCX drafts, so it lacks controlled markdown registries, protocols, owners, validation gates, and runtime memory.","Promote resources into the authoritative Management OS layer with source IDs, owner, governance rule, dependency links, validation gate, dashboard signal, memory update, and version path.",The Agency Draft 1.2\13_Resources\MANAGEMENT_RESOURCE_AND_CAPACITY_MODEL.md,Management Resources protocol: trigger -> source evidence -> owner review -> approval/risk check -> execution or handoff -> validation -> memory/version update.,MANAGEMENT_MASTER_REGISTRY plus Agency Global Source Registry.,"Management OS Owner / Agency Strategy Lead approves ownership, risk class, cadence, and escalation route.",Management OS Owner / Agency Strategy Lead,"Route through Management orchestration and the agency dependency graph: upstream All domain intelligence, finance, market reality, client outcomes, founder direction; downstream All domains, governance, resource allocation, cadence, roadmap, risk management.","Entry criteria, source evidence check, owner sign-off, handoff acceptance, and completion gate.","Dashboard status, freshness date, owner review cadence, risk indicator, and gap closure metric.","Decision log entry, version log entry, quarterly review, and source registry state update.","Upstream: All domain intelligence, finance, market reality, client outcomes, founder direction. Downstream: All domains, governance, resource allocation, cadence, roadmap, risk management.",The Agency Draft 1.2\13_Resources\MANAGEMENT_RESOURCE_AND_CAPACITY_MODEL.md,"1. Confirm source inventory; 2. create canonical markdown; 3. assign owner/RACI; 4. register dependencies and handoffs; 5. define validation and dashboard signals; 6. approve, version, and schedule evolution review.","Management Resources is complete when the markdown exists at the recommended placement, has an owner and cadence, references source IDs, is registered in the local and agency registry, defines validation and observability, and has a version/evolution log entry."
MANAGEMENT-KNOWLEDGE,The Agency Draft 1.2,Management,Management Knowledge Control Gap,Knowledge,"Agency management, strategic command, cross-domain dependency, resource allocation, and operating model layer.",Partially Present,Medium,"Management operators cannot reliably answer who owns knowledge, what is current, what must happen next, which evidence is authoritative, or how completion is proven.","Domain knowledge exists mainly as DOCX drafts, so it lacks controlled markdown registries, protocols, owners, validation gates, and runtime memory.","Promote knowledge into the authoritative Management OS layer with source IDs, owner, governance rule, dependency links, validation gate, dashboard signal, memory update, and version path.",The Agency Draft 1.2\14_Knowledge\MANAGEMENT_KNOWLEDGE_GRAPH_INDEX.md,Management Knowledge protocol: trigger -> source evidence -> owner review -> approval/risk check -> execution or handoff -> validation -> memory/version update.,MANAGEMENT_MASTER_REGISTRY plus Agency Global Source Registry.,"Management OS Owner / Agency Strategy Lead approves ownership, risk class, cadence, and escalation route.",Management OS Owner / Agency Strategy Lead,"Route through Management orchestration and the agency dependency graph: upstream All domain intelligence, finance, market reality, client outcomes, founder direction; downstream All domains, governance, resource allocation, cadence, roadmap, risk management.","Entry criteria, source evidence check, owner sign-off, handoff acceptance, and completion gate.","Dashboard status, freshness date, owner review cadence, risk indicator, and gap closure metric.","Decision log entry, version log entry, quarterly review, and source registry state update.","Upstream: All domain intelligence, finance, market reality, client outcomes, founder direction. Downstream: All domains, governance, resource allocation, cadence, roadmap, risk management.",The Agency Draft 1.2\14_Knowledge\MANAGEMENT_KNOWLEDGE_GRAPH_INDEX.md,"1. Confirm source inventory; 2. create canonical markdown; 3. assign owner/RACI; 4. register dependencies and handoffs; 5. define validation and dashboard signals; 6. approve, version, and schedule evolution review.","Management Knowledge is complete when the markdown exists at the recommended placement, has an owner and cadence, references source IDs, is registered in the local and agency registry, defines validation and observability, and has a version/evolution log entry."
MANAGEMENT-CHANGE-MANAGEMENT,The Agency Draft 1.2,Management,Management Change Management Control Gap,Change Management,"Agency management, strategic command, cross-domain dependency, resource allocation, and operating model layer.",Partially Present,Medium-High,"Management operators cannot reliably answer who owns change management, what is current, what must happen next, which evidence is authoritative, or how completion is proven.","Domain knowledge exists mainly as DOCX drafts, so it lacks controlled markdown registries, protocols, owners, validation gates, and runtime memory.","Promote change management into the authoritative Management OS layer with source IDs, owner, governance rule, dependency links, validation gate, dashboard signal, memory update, and version path.",The Agency Draft 1.2\15_Change\MANAGEMENT_CHANGE_CONTROL_PROTOCOL.md,Management Change Management protocol: trigger -> source evidence -> owner review -> approval/risk check -> execution or handoff -> validation -> memory/version update.,MANAGEMENT_MASTER_REGISTRY plus Agency Global Source Registry.,"Management OS Owner / Agency Strategy Lead approves ownership, risk class, cadence, and escalation route.",Management OS Owner / Agency Strategy Lead,"Route through Management orchestration and the agency dependency graph: upstream All domain intelligence, finance, market reality, client outcomes, founder direction; downstream All domains, governance, resource allocation, cadence, roadmap, risk management.","Entry criteria, source evidence check, owner sign-off, handoff acceptance, and completion gate.","Dashboard status, freshness date, owner review cadence, risk indicator, and gap closure metric.","Decision log entry, version log entry, quarterly review, and source registry state update.","Upstream: All domain intelligence, finance, market reality, client outcomes, founder direction. Downstream: All domains, governance, resource allocation, cadence, roadmap, risk management.",The Agency Draft 1.2\15_Change\MANAGEMENT_CHANGE_CONTROL_PROTOCOL.md,"1. Confirm source inventory; 2. create canonical markdown; 3. assign owner/RACI; 4. register dependencies and handoffs; 5. define validation and dashboard signals; 6. approve, version, and schedule evolution review.","Management Change Management is complete when the markdown exists at the recommended placement, has an owner and cadence, references source IDs, is registered in the local and agency registry, defines validation and observability, and has a version/evolution log entry."
MANAGEMENT-VERSIONING,The Agency Draft 1.2,Management,Management Versioning Control Gap,Versioning,"Agency management, strategic command, cross-domain dependency, resource allocation, and operating model layer.",Partially Present,Medium-High,"Management operators cannot reliably answer who owns versioning, what is current, what must happen next, which evidence is authoritative, or how completion is proven.","Domain knowledge exists mainly as DOCX drafts, so it lacks controlled markdown registries, protocols, owners, validation gates, and runtime memory.","Promote versioning into the authoritative Management OS layer with source IDs, owner, governance rule, dependency links, validation gate, dashboard signal, memory update, and version path.",The Agency Draft 1.2\15_Change\MANAGEMENT_VERSIONING_AND_RELEASE_LOG.md,Management Versioning protocol: trigger -> source evidence -> owner review -> approval/risk check -> execution or handoff -> validation -> memory/version update.,MANAGEMENT_MASTER_REGISTRY plus Agency Global Source Registry.,"Management OS Owner / Agency Strategy Lead approves ownership, risk class, cadence, and escalation route.",Management OS Owner / Agency Strategy Lead,"Route through Management orchestration and the agency dependency graph: upstream All domain intelligence, finance, market reality, client outcomes, founder direction; downstream All domains, governance, resource allocation, cadence, roadmap, risk management.","Entry criteria, source evidence check, owner sign-off, handoff acceptance, and completion gate.","Dashboard status, freshness date, owner review cadence, risk indicator, and gap closure metric.","Decision log entry, version log entry, quarterly review, and source registry state update.","Upstream: All domain intelligence, finance, market reality, client outcomes, founder direction. Downstream: All domains, governance, resource allocation, cadence, roadmap, risk management.",The Agency Draft 1.2\15_Change\MANAGEMENT_VERSIONING_AND_RELEASE_LOG.md,"1. Confirm source inventory; 2. create canonical markdown; 3. assign owner/RACI; 4. register dependencies and handoffs; 5. define validation and dashboard signals; 6. approve, version, and schedule evolution review.","Management Versioning is complete when the markdown exists at the recommended placement, has an owner and cadence, references source IDs, is registered in the local and agency registry, defines validation and observability, and has a version/evolution log entry."
MANAGEMENT-RECOVERY,The Agency Draft 1.2,Management,Management Recovery Control Gap,Recovery,"Agency management, strategic command, cross-domain dependency, resource allocation, and operating model layer.",Partially Present,Medium,"Management operators cannot reliably answer who owns recovery, what is current, what must happen next, which evidence is authoritative, or how completion is proven.","Domain knowledge exists mainly as DOCX drafts, so it lacks controlled markdown registries, protocols, owners, validation gates, and runtime memory.","Promote recovery into the authoritative Management OS layer with source IDs, owner, governance rule, dependency links, validation gate, dashboard signal, memory update, and version path.",The Agency Draft 1.2\16_Recovery\MANAGEMENT_RECOVERY_AND_FALLBACK_PLAN.md,Management Recovery protocol: trigger -> source evidence -> owner review -> approval/risk check -> execution or handoff -> validation -> memory/version update.,MANAGEMENT_MASTER_REGISTRY plus Agency Global Source Registry.,"Management OS Owner / Agency Strategy Lead approves ownership, risk class, cadence, and escalation route.",Management OS Owner / Agency Strategy Lead,"Route through Management orchestration and the agency dependency graph: upstream All domain intelligence, finance, market reality, client outcomes, founder direction; downstream All domains, governance, resource allocation, cadence, roadmap, risk management.","Entry criteria, source evidence check, owner sign-off, handoff acceptance, and completion gate.","Dashboard status, freshness date, owner review cadence, risk indicator, and gap closure metric.","Decision log entry, version log entry, quarterly review, and source registry state update.","Upstream: All domain intelligence, finance, market reality, client outcomes, founder direction. Downstream: All domains, governance, resource allocation, cadence, roadmap, risk management.",The Agency Draft 1.2\16_Recovery\MANAGEMENT_RECOVERY_AND_FALLBACK_PLAN.md,"1. Confirm source inventory; 2. create canonical markdown; 3. assign owner/RACI; 4. register dependencies and handoffs; 5. define validation and dashboard signals; 6. approve, version, and schedule evolution review.","Management Recovery is complete when the markdown exists at the recommended placement, has an owner and cadence, references source IDs, is registered in the local and agency registry, defines validation and observability, and has a version/evolution log entry."
MANAGEMENT-STRATEGIC-PLANNING,The Agency Draft 1.2,Management,Management Strategic Planning Control Gap,Strategic Planning,"Agency management, strategic command, cross-domain dependency, resource allocation, and operating model layer.",Partially Present,Medium,"Management operators cannot reliably answer who owns strategic planning, what is current, what must happen next, which evidence is authoritative, or how completion is proven.","Domain knowledge exists mainly as DOCX drafts, so it lacks controlled markdown registries, protocols, owners, validation gates, and runtime memory.","Promote strategic planning into the authoritative Management OS layer with source IDs, owner, governance rule, dependency links, validation gate, dashboard signal, memory update, and version path.",The Agency Draft 1.2\00_Foundation\MANAGEMENT_INITIATIVE_PORTFOLIO.md,Management Strategic Planning protocol: trigger -> source evidence -> owner review -> approval/risk check -> execution or handoff -> validation -> memory/version update.,MANAGEMENT_MASTER_REGISTRY plus Agency Global Source Registry.,"Management OS Owner / Agency Strategy Lead approves ownership, risk class, cadence, and escalation route.",Management OS Owner / Agency Strategy Lead,"Route through Management orchestration and the agency dependency graph: upstream All domain intelligence, finance, market reality, client outcomes, founder direction; downstream All domains, governance, resource allocation, cadence, roadmap, risk management.","Entry criteria, source evidence check, owner sign-off, handoff acceptance, and completion gate.","Dashboard status, freshness date, owner review cadence, risk indicator, and gap closure metric.","Decision log entry, version log entry, quarterly review, and source registry state update.","Upstream: All domain intelligence, finance, market reality, client outcomes, founder direction. Downstream: All domains, governance, resource allocation, cadence, roadmap, risk management.",The Agency Draft 1.2\00_Foundation\MANAGEMENT_INITIATIVE_PORTFOLIO.md,"1. Confirm source inventory; 2. create canonical markdown; 3. assign owner/RACI; 4. register dependencies and handoffs; 5. define validation and dashboard signals; 6. approve, version, and schedule evolution review.","Management Strategic Planning is complete when the markdown exists at the recommended placement, has an owner and cadence, references source IDs, is registered in the local and agency registry, defines validation and observability, and has a version/evolution log entry."
MANAGEMENT-EVOLUTION,The Agency Draft 1.2,Management,Management Evolution Control Gap,Evolution,"Agency management, strategic command, cross-domain dependency, resource allocation, and operating model layer.",Partially Present,Medium-High,"Management operators cannot reliably answer who owns evolution, what is current, what must happen next, which evidence is authoritative, or how completion is proven.","Domain knowledge exists mainly as DOCX drafts, so it lacks controlled markdown registries, protocols, owners, validation gates, and runtime memory.","Promote evolution into the authoritative Management OS layer with source IDs, owner, governance rule, dependency links, validation gate, dashboard signal, memory update, and version path.",The Agency Draft 1.2\17_Evolution\MANAGEMENT_EVOLUTION_ROADMAP.md,Management Evolution protocol: trigger -> source evidence -> owner review -> approval/risk check -> execution or handoff -> validation -> memory/version update.,MANAGEMENT_MASTER_REGISTRY plus Agency Global Source Registry.,"Management OS Owner / Agency Strategy Lead approves ownership, risk class, cadence, and escalation route.",Management OS Owner / Agency Strategy Lead,"Route through Management orchestration and the agency dependency graph: upstream All domain intelligence, finance, market reality, client outcomes, founder direction; downstream All domains, governance, resource allocation, cadence, roadmap, risk management.","Entry criteria, source evidence check, owner sign-off, handoff acceptance, and completion gate.","Dashboard status, freshness date, owner review cadence, risk indicator, and gap closure metric.","Decision log entry, version log entry, quarterly review, and source registry state update.","Upstream: All domain intelligence, finance, market reality, client outcomes, founder direction. Downstream: All domains, governance, resource allocation, cadence, roadmap, risk management.",The Agency Draft 1.2\17_Evolution\MANAGEMENT_EVOLUTION_ROADMAP.md,"1. Confirm source inventory; 2. create canonical markdown; 3. assign owner/RACI; 4. register dependencies and handoffs; 5. define validation and dashboard signals; 6. approve, version, and schedule evolution review.","Management Evolution is complete when the markdown exists at the recommended placement, has an owner and cadence, references source IDs, is registered in the local and agency registry, defines validation and observability, and has a version/evolution log entry."
MANAGEMENT-COMPLETION,The Agency Draft 1.2,Management,Management Completion Control Gap,Completion,"Agency management, strategic command, cross-domain dependency, resource allocation, and operating model layer.",Partially Present,High,"Management operators cannot reliably answer who owns completion, what is current, what must happen next, which evidence is authoritative, or how completion is proven.","Domain knowledge exists mainly as DOCX drafts, so it lacks controlled markdown registries, protocols, owners, validation gates, and runtime memory.","Promote completion into the authoritative Management OS layer with source IDs, owner, governance rule, dependency links, validation gate, dashboard signal, memory update, and version path.",The Agency Draft 1.2\18_Completion\MANAGEMENT_COMPLETION_CRITERIA.md,Management Completion protocol: trigger -> source evidence -> owner review -> approval/risk check -> execution or handoff -> validation -> memory/version update.,MANAGEMENT_MASTER_REGISTRY plus Agency Global Source Registry.,"Management OS Owner / Agency Strategy Lead approves ownership, risk class, cadence, and escalation route.",Management OS Owner / Agency Strategy Lead,"Route through Management orchestration and the agency dependency graph: upstream All domain intelligence, finance, market reality, client outcomes, founder direction; downstream All domains, governance, resource allocation, cadence, roadmap, risk management.","Entry criteria, source evidence check, owner sign-off, handoff acceptance, and completion gate.","Dashboard status, freshness date, owner review cadence, risk indicator, and gap closure metric.","Decision log entry, version log entry, quarterly review, and source registry state update.","Upstream: All domain intelligence, finance, market reality, client outcomes, founder direction. Downstream: All domains, governance, resource allocation, cadence, roadmap, risk management.",The Agency Draft 1.2\18_Completion\MANAGEMENT_COMPLETION_CRITERIA.md,"1. Confirm source inventory; 2. create canonical markdown; 3. assign owner/RACI; 4. register dependencies and handoffs; 5. define validation and dashboard signals; 6. approve, version, and schedule evolution review.","Management Completion is complete when the markdown exists at the recommended placement, has an owner and cadence, references source IDs, is registered in the local and agency registry, defines validation and observability, and has a version/evolution log entry."
