Workspace,Domain,Recommended Markdown,Purpose,Owner,Priority,Dependencies,Completion Criteria
The Sector Drafts,Sector,The Sector Drafts\00_Foundation\SECTOR_MISSION_VISION_OBJECTIVES.md,"Promote intent into the authoritative Sector OS layer with source IDs, owner, governance rule, dependency links, validation gate, dashboard signal, memory update, and version path.",Sector Intelligence Owner / Market Strategy Lead,High,"Upstream: Market data, client context, competitive research, management priorities. Downstream: Offer, Marketing, Sales, Client, Branding, Automation.","Sector Intent is complete when the markdown exists at the recommended placement, has an owner and cadence, references source IDs, is registered in the local and agency registry, defines validation and observability, and has a version/evolution log entry."
The Sector Drafts,Sector,The Sector Drafts\00_Foundation\SECTOR_STRATEGIC_ROADMAP.md,"Promote strategy into the authoritative Sector OS layer with source IDs, owner, governance rule, dependency links, validation gate, dashboard signal, memory update, and version path.",Sector Intelligence Owner / Market Strategy Lead,High,"Upstream: Market data, client context, competitive research, management priorities. Downstream: Offer, Marketing, Sales, Client, Branding, Automation.","Sector Strategy is complete when the markdown exists at the recommended placement, has an owner and cadence, references source IDs, is registered in the local and agency registry, defines validation and observability, and has a version/evolution log entry."
The Sector Drafts,Sector,The Sector Drafts\00_Governance\SECTOR_OPERATING_CONSTITUTION.md,"Promote constitution into the authoritative Sector OS layer with source IDs, owner, governance rule, dependency links, validation gate, dashboard signal, memory update, and version path.",Sector Intelligence Owner / Market Strategy Lead,Critical,"Upstream: Market data, client context, competitive research, management priorities. Downstream: Offer, Marketing, Sales, Client, Branding, Automation.","Sector Constitution is complete when the markdown exists at the recommended placement, has an owner and cadence, references source IDs, is registered in the local and agency registry, defines validation and observability, and has a version/evolution log entry."
The Sector Drafts,Sector,The Sector Drafts\00_Governance\SECTOR_GOVERNANCE_CHARTER_AND_RACI.md,"Promote governance into the authoritative Sector OS layer with source IDs, owner, governance rule, dependency links, validation gate, dashboard signal, memory update, and version path.",Sector Intelligence Owner / Market Strategy Lead,High,"Upstream: Market data, client context, competitive research, management priorities. Downstream: Offer, Marketing, Sales, Client, Branding, Automation.","Sector Governance is complete when the markdown exists at the recommended placement, has an owner and cadence, references source IDs, is registered in the local and agency registry, defines validation and observability, and has a version/evolution log entry."
The Sector Drafts,Sector,The Sector Drafts\01_Orchestration\SECTOR_ORCHESTRATION_ENGINE.md,"Promote orchestration into the authoritative Sector OS layer with source IDs, owner, governance rule, dependency links, validation gate, dashboard signal, memory update, and version path.",Sector Intelligence Owner / Market Strategy Lead,High,"Upstream: Market data, client context, competitive research, management priorities. Downstream: Offer, Marketing, Sales, Client, Branding, Automation.","Sector Orchestration is complete when the markdown exists at the recommended placement, has an owner and cadence, references source IDs, is registered in the local and agency registry, defines validation and observability, and has a version/evolution log entry."
The Sector Drafts,Sector,The Sector Drafts\00_Workspace_Intelligence_Inventory\SECTOR_SOURCE_INTELLIGENCE_REGISTER.md,"Promote workspace intelligence into the authoritative Sector OS layer with source IDs, owner, governance rule, dependency links, validation gate, dashboard signal, memory update, and version path.",Sector Intelligence Owner / Market Strategy Lead,High,"Upstream: Market data, client context, competitive research, management priorities. Downstream: Offer, Marketing, Sales, Client, Branding, Automation.","Sector Workspace Intelligence is complete when the markdown exists at the recommended placement, has an owner and cadence, references source IDs, is registered in the local and agency registry, defines validation and observability, and has a version/evolution log entry."
The Sector Drafts,Sector,The Sector Drafts\00_Workspace_Intelligence_Inventory\SECTOR_SEPARATION_DELIVERY_MAP.md,"Promote separation intelligence into the authoritative Sector OS layer with source IDs, owner, governance rule, dependency links, validation gate, dashboard signal, memory update, and version path.",Sector Intelligence Owner / Market Strategy Lead,Medium-High,"Upstream: Market data, client context, competitive research, management priorities. Downstream: Offer, Marketing, Sales, Client, Branding, Automation.","Sector Separation Intelligence is complete when the markdown exists at the recommended placement, has an owner and cadence, references source IDs, is registered in the local and agency registry, defines validation and observability, and has a version/evolution log entry."
The Sector Drafts,Sector,The Sector Drafts\02_Domain_Intelligence\SECTOR_ONTOLOGY_AND_DOMAIN_REGISTRY.md,"Promote domain intelligence into the authoritative Sector OS layer with source IDs, owner, governance rule, dependency links, validation gate, dashboard signal, memory update, and version path.",Sector Intelligence Owner / Market Strategy Lead,Medium-High,"Upstream: Market data, client context, competitive research, management priorities. Downstream: Offer, Marketing, Sales, Client, Branding, Automation.","Sector Domain Intelligence is complete when the markdown exists at the recommended placement, has an owner and cadence, references source IDs, is registered in the local and agency registry, defines validation and observability, and has a version/evolution log entry."
The Sector Drafts,Sector,The Sector Drafts\03_Registries\SECTOR_MASTER_REGISTRY.md,"Promote registries into the authoritative Sector OS layer with source IDs, owner, governance rule, dependency links, validation gate, dashboard signal, memory update, and version path.",Sector Intelligence Owner / Market Strategy Lead,High,"Upstream: Market data, client context, competitive research, management priorities. Downstream: Offer, Marketing, Sales, Client, Branding, Automation.","Sector Registries is complete when the markdown exists at the recommended placement, has an owner and cadence, references source IDs, is registered in the local and agency registry, defines validation and observability, and has a version/evolution log entry."
The Sector Drafts,Sector,The Sector Drafts\01_Architecture\SECTOR_OPERATING_ARCHITECTURE.md,"Promote architecture into the authoritative Sector OS layer with source IDs, owner, governance rule, dependency links, validation gate, dashboard signal, memory update, and version path.",Sector Intelligence Owner / Market Strategy Lead,Medium-High,"Upstream: Market data, client context, competitive research, management priorities. Downstream: Offer, Marketing, Sales, Client, Branding, Automation.","Sector Architecture is complete when the markdown exists at the recommended placement, has an owner and cadence, references source IDs, is registered in the local and agency registry, defines validation and observability, and has a version/evolution log entry."
The Sector Drafts,Sector,The Sector Drafts\04_State\SECTOR_STATE_MODEL_AND_STATUS_BOARD.md,"Promote state management into the authoritative Sector OS layer with source IDs, owner, governance rule, dependency links, validation gate, dashboard signal, memory update, and version path.",Sector Intelligence Owner / Market Strategy Lead,Medium-High,"Upstream: Market data, client context, competitive research, management priorities. Downstream: Offer, Marketing, Sales, Client, Branding, Automation.","Sector State Management is complete when the markdown exists at the recommended placement, has an owner and cadence, references source IDs, is registered in the local and agency registry, defines validation and observability, and has a version/evolution log entry."
The Sector Drafts,Sector,The Sector Drafts\05_Execution\SECTOR_EXECUTION_PLAYBOOK.md,"Promote execution into the authoritative Sector OS layer with source IDs, owner, governance rule, dependency links, validation gate, dashboard signal, memory update, and version path.",Sector Intelligence Owner / Market Strategy Lead,Medium-High,"Upstream: Market data, client context, competitive research, management priorities. Downstream: Offer, Marketing, Sales, Client, Branding, Automation.","Sector Execution is complete when the markdown exists at the recommended placement, has an owner and cadence, references source IDs, is registered in the local and agency registry, defines validation and observability, and has a version/evolution log entry."
The Sector Drafts,Sector,The Sector Drafts\05_Execution\SECTOR_WORKFLOW_CATALOG.md,"Promote workflows into the authoritative Sector OS layer with source IDs, owner, governance rule, dependency links, validation gate, dashboard signal, memory update, and version path.",Sector Intelligence Owner / Market Strategy Lead,Medium-High,"Upstream: Market data, client context, competitive research, management priorities. Downstream: Offer, Marketing, Sales, Client, Branding, Automation.","Sector Workflows is complete when the markdown exists at the recommended placement, has an owner and cadence, references source IDs, is registered in the local and agency registry, defines validation and observability, and has a version/evolution log entry."
The Sector Drafts,Sector,The Sector Drafts\06_Automation\SECTOR_AGENT_REGISTRY.md,"Promote agents into the authoritative Sector OS layer with source IDs, owner, governance rule, dependency links, validation gate, dashboard signal, memory update, and version path.",Sector Intelligence Owner / Market Strategy Lead,Medium,"Upstream: Market data, client context, competitive research, management priorities. Downstream: Offer, Marketing, Sales, Client, Branding, Automation.","Sector Agents is complete when the markdown exists at the recommended placement, has an owner and cadence, references source IDs, is registered in the local and agency registry, defines validation and observability, and has a version/evolution log entry."
The Sector Drafts,Sector,The Sector Drafts\06_Automation\SECTOR_TOOL_AND_CONNECTOR_REGISTRY.md,"Promote tools into the authoritative Sector OS layer with source IDs, owner, governance rule, dependency links, validation gate, dashboard signal, memory update, and version path.",Sector Intelligence Owner / Market Strategy Lead,Medium,"Upstream: Market data, client context, competitive research, management priorities. Downstream: Offer, Marketing, Sales, Client, Branding, Automation.","Sector Tools is complete when the markdown exists at the recommended placement, has an owner and cadence, references source IDs, is registered in the local and agency registry, defines validation and observability, and has a version/evolution log entry."
The Sector Drafts,Sector,The Sector Drafts\07_Schemas\SECTOR_DATA_CONTRACTS_AND_SCHEMAS.md,"Promote schemas into the authoritative Sector OS layer with source IDs, owner, governance rule, dependency links, validation gate, dashboard signal, memory update, and version path.",Sector Intelligence Owner / Market Strategy Lead,Medium,"Upstream: Market data, client context, competitive research, management priorities. Downstream: Offer, Marketing, Sales, Client, Branding, Automation.","Sector Schemas is complete when the markdown exists at the recommended placement, has an owner and cadence, references source IDs, is registered in the local and agency registry, defines validation and observability, and has a version/evolution log entry."
The Sector Drafts,Sector,The Sector Drafts\07_Schemas\SECTOR_EVENT_CATALOG.md,"Promote events into the authoritative Sector OS layer with source IDs, owner, governance rule, dependency links, validation gate, dashboard signal, memory update, and version path.",Sector Intelligence Owner / Market Strategy Lead,Medium,"Upstream: Market data, client context, competitive research, management priorities. Downstream: Offer, Marketing, Sales, Client, Branding, Automation.","Sector Events is complete when the markdown exists at the recommended placement, has an owner and cadence, references source IDs, is registered in the local and agency registry, defines validation and observability, and has a version/evolution log entry."
The Sector Drafts,Sector,The Sector Drafts\08_Artifacts\SECTOR_ARTIFACT_CATALOG.md,"Promote artifacts into the authoritative Sector OS layer with source IDs, owner, governance rule, dependency links, validation gate, dashboard signal, memory update, and version path.",Sector Intelligence Owner / Market Strategy Lead,Medium,"Upstream: Market data, client context, competitive research, management priorities. Downstream: Offer, Marketing, Sales, Client, Branding, Automation.","Sector Artifacts is complete when the markdown exists at the recommended placement, has an owner and cadence, references source IDs, is registered in the local and agency registry, defines validation and observability, and has a version/evolution log entry."
The Sector Drafts,Sector,The Sector Drafts\00_Governance\SECTOR_OWNERSHIP_RACI.md,"Promote ownership into the authoritative Sector OS layer with source IDs, owner, governance rule, dependency links, validation gate, dashboard signal, memory update, and version path.",Sector Intelligence Owner / Market Strategy Lead,High,"Upstream: Market data, client context, competitive research, management priorities. Downstream: Offer, Marketing, Sales, Client, Branding, Automation.","Sector Ownership is complete when the markdown exists at the recommended placement, has an owner and cadence, references source IDs, is registered in the local and agency registry, defines validation and observability, and has a version/evolution log entry."
The Sector Drafts,Sector,The Sector Drafts\09_Validation\SECTOR_VALIDATION_GATES.md,"Promote validation into the authoritative Sector OS layer with source IDs, owner, governance rule, dependency links, validation gate, dashboard signal, memory update, and version path.",Sector Intelligence Owner / Market Strategy Lead,High,"Upstream: Market data, client context, competitive research, management priorities. Downstream: Offer, Marketing, Sales, Client, Branding, Automation.","Sector Validation is complete when the markdown exists at the recommended placement, has an owner and cadence, references source IDs, is registered in the local and agency registry, defines validation and observability, and has a version/evolution log entry."
The Sector Drafts,Sector,The Sector Drafts\10_Observability\SECTOR_OBSERVABILITY_DASHBOARD_SPEC.md,"Promote observability into the authoritative Sector OS layer with source IDs, owner, governance rule, dependency links, validation gate, dashboard signal, memory update, and version path.",Sector Intelligence Owner / Market Strategy Lead,High,"Upstream: Market data, client context, competitive research, management priorities. Downstream: Offer, Marketing, Sales, Client, Branding, Automation.","Sector Observability is complete when the markdown exists at the recommended placement, has an owner and cadence, references source IDs, is registered in the local and agency registry, defines validation and observability, and has a version/evolution log entry."
The Sector Drafts,Sector,The Sector Drafts\10_Observability\SECTOR_INFORMATION_STORAGE_AND_PERSISTENCE_MAP.md,"Promote information storage into the authoritative Sector OS layer with source IDs, owner, governance rule, dependency links, validation gate, dashboard signal, memory update, and version path.",Sector Intelligence Owner / Market Strategy Lead,Medium,"Upstream: Market data, client context, competitive research, management priorities. Downstream: Offer, Marketing, Sales, Client, Branding, Automation.","Sector Information Storage is complete when the markdown exists at the recommended placement, has an owner and cadence, references source IDs, is registered in the local and agency registry, defines validation and observability, and has a version/evolution log entry."
The Sector Drafts,Sector,The Sector Drafts\11_Memory\SECTOR_HISTORICAL_MEMORY_LOG.md,"Promote historical memory into the authoritative Sector OS layer with source IDs, owner, governance rule, dependency links, validation gate, dashboard signal, memory update, and version path.",Sector Intelligence Owner / Market Strategy Lead,Medium-High,"Upstream: Market data, client context, competitive research, management priorities. Downstream: Offer, Marketing, Sales, Client, Branding, Automation.","Sector Historical Memory is complete when the markdown exists at the recommended placement, has an owner and cadence, references source IDs, is registered in the local and agency registry, defines validation and observability, and has a version/evolution log entry."
The Sector Drafts,Sector,The Sector Drafts\11_Memory\SECTOR_OPERATIONAL_MEMORY_LOG.md,"Promote operational memory into the authoritative Sector OS layer with source IDs, owner, governance rule, dependency links, validation gate, dashboard signal, memory update, and version path.",Sector Intelligence Owner / Market Strategy Lead,Medium,"Upstream: Market data, client context, competitive research, management priorities. Downstream: Offer, Marketing, Sales, Client, Branding, Automation.","Sector Operational Memory is complete when the markdown exists at the recommended placement, has an owner and cadence, references source IDs, is registered in the local and agency registry, defines validation and observability, and has a version/evolution log entry."
The Sector Drafts,Sector,The Sector Drafts\11_Memory\SECTOR_DECISION_LOG.md,"Promote decision memory into the authoritative Sector OS layer with source IDs, owner, governance rule, dependency links, validation gate, dashboard signal, memory update, and version path.",Sector Intelligence Owner / Market Strategy Lead,Medium-High,"Upstream: Market data, client context, competitive research, management priorities. Downstream: Offer, Marketing, Sales, Client, Branding, Automation.","Sector Decision Memory is complete when the markdown exists at the recommended placement, has an owner and cadence, references source IDs, is registered in the local and agency registry, defines validation and observability, and has a version/evolution log entry."
The Sector Drafts,Sector,The Sector Drafts\11_Memory\SECTOR_EXECUTION_LOG.md,"Promote execution memory into the authoritative Sector OS layer with source IDs, owner, governance rule, dependency links, validation gate, dashboard signal, memory update, and version path.",Sector Intelligence Owner / Market Strategy Lead,Medium,"Upstream: Market data, client context, competitive research, management priorities. Downstream: Offer, Marketing, Sales, Client, Branding, Automation.","Sector Execution Memory is complete when the markdown exists at the recommended placement, has an owner and cadence, references source IDs, is registered in the local and agency registry, defines validation and observability, and has a version/evolution log entry."
The Sector Drafts,Sector,The Sector Drafts\12_Learning\SECTOR_LEARNING_LOOP_PROTOCOL.md,"Promote learning systems into the authoritative Sector OS layer with source IDs, owner, governance rule, dependency links, validation gate, dashboard signal, memory update, and version path.",Sector Intelligence Owner / Market Strategy Lead,Medium-High,"Upstream: Market data, client context, competitive research, management priorities. Downstream: Offer, Marketing, Sales, Client, Branding, Automation.","Sector Learning Systems is complete when the markdown exists at the recommended placement, has an owner and cadence, references source IDs, is registered in the local and agency registry, defines validation and observability, and has a version/evolution log entry."
The Sector Drafts,Sector,The Sector Drafts\00_Governance\SECTOR_ENTERPRISE_CONTROLS.md,"Promote enterprise controls into the authoritative Sector OS layer with source IDs, owner, governance rule, dependency links, validation gate, dashboard signal, memory update, and version path.",Sector Intelligence Owner / Market Strategy Lead,Medium-High,"Upstream: Market data, client context, competitive research, management priorities. Downstream: Offer, Marketing, Sales, Client, Branding, Automation.","Sector Enterprise Controls is complete when the markdown exists at the recommended placement, has an owner and cadence, references source IDs, is registered in the local and agency registry, defines validation and observability, and has a version/evolution log entry."
The Sector Drafts,Sector,The Sector Drafts\06_Automation\SECTOR_AUTOMATION_REGISTRY_AND_APPROVAL_MATRIX.md,"Promote automation into the authoritative Sector OS layer with source IDs, owner, governance rule, dependency links, validation gate, dashboard signal, memory update, and version path.",Sector Intelligence Owner / Market Strategy Lead,Medium-High,"Upstream: Market data, client context, competitive research, management priorities. Downstream: Offer, Marketing, Sales, Client, Branding, Automation.","Sector Automation is complete when the markdown exists at the recommended placement, has an owner and cadence, references source IDs, is registered in the local and agency registry, defines validation and observability, and has a version/evolution log entry."
The Sector Drafts,Sector,The Sector Drafts\00_Governance\SECTOR_SECURITY_AND_ACCESS_POLICY.md,"Promote security into the authoritative Sector OS layer with source IDs, owner, governance rule, dependency links, validation gate, dashboard signal, memory update, and version path.",Sector Intelligence Owner / Market Strategy Lead,Medium,"Upstream: Market data, client context, competitive research, management priorities. Downstream: Offer, Marketing, Sales, Client, Branding, Automation.","Sector Security is complete when the markdown exists at the recommended placement, has an owner and cadence, references source IDs, is registered in the local and agency registry, defines validation and observability, and has a version/evolution log entry."
The Sector Drafts,Sector,The Sector Drafts\13_Resources\SECTOR_RESOURCE_AND_CAPACITY_MODEL.md,"Promote resources into the authoritative Sector OS layer with source IDs, owner, governance rule, dependency links, validation gate, dashboard signal, memory update, and version path.",Sector Intelligence Owner / Market Strategy Lead,Medium,"Upstream: Market data, client context, competitive research, management priorities. Downstream: Offer, Marketing, Sales, Client, Branding, Automation.","Sector Resources is complete when the markdown exists at the recommended placement, has an owner and cadence, references source IDs, is registered in the local and agency registry, defines validation and observability, and has a version/evolution log entry."
The Sector Drafts,Sector,The Sector Drafts\14_Knowledge\SECTOR_KNOWLEDGE_GRAPH_INDEX.md,"Promote knowledge into the authoritative Sector OS layer with source IDs, owner, governance rule, dependency links, validation gate, dashboard signal, memory update, and version path.",Sector Intelligence Owner / Market Strategy Lead,Medium,"Upstream: Market data, client context, competitive research, management priorities. Downstream: Offer, Marketing, Sales, Client, Branding, Automation.","Sector Knowledge is complete when the markdown exists at the recommended placement, has an owner and cadence, references source IDs, is registered in the local and agency registry, defines validation and observability, and has a version/evolution log entry."
The Sector Drafts,Sector,The Sector Drafts\15_Change\SECTOR_CHANGE_CONTROL_PROTOCOL.md,"Promote change management into the authoritative Sector OS layer with source IDs, owner, governance rule, dependency links, validation gate, dashboard signal, memory update, and version path.",Sector Intelligence Owner / Market Strategy Lead,High,"Upstream: Market data, client context, competitive research, management priorities. Downstream: Offer, Marketing, Sales, Client, Branding, Automation.","Sector Change Management is complete when the markdown exists at the recommended placement, has an owner and cadence, references source IDs, is registered in the local and agency registry, defines validation and observability, and has a version/evolution log entry."
The Sector Drafts,Sector,The Sector Drafts\15_Change\SECTOR_VERSIONING_AND_RELEASE_LOG.md,"Promote versioning into the authoritative Sector OS layer with source IDs, owner, governance rule, dependency links, validation gate, dashboard signal, memory update, and version path.",Sector Intelligence Owner / Market Strategy Lead,Medium-High,"Upstream: Market data, client context, competitive research, management priorities. Downstream: Offer, Marketing, Sales, Client, Branding, Automation.","Sector Versioning is complete when the markdown exists at the recommended placement, has an owner and cadence, references source IDs, is registered in the local and agency registry, defines validation and observability, and has a version/evolution log entry."
The Sector Drafts,Sector,The Sector Drafts\16_Recovery\SECTOR_RECOVERY_AND_FALLBACK_PLAN.md,"Promote recovery into the authoritative Sector OS layer with source IDs, owner, governance rule, dependency links, validation gate, dashboard signal, memory update, and version path.",Sector Intelligence Owner / Market Strategy Lead,Medium,"Upstream: Market data, client context, competitive research, management priorities. Downstream: Offer, Marketing, Sales, Client, Branding, Automation.","Sector Recovery is complete when the markdown exists at the recommended placement, has an owner and cadence, references source IDs, is registered in the local and agency registry, defines validation and observability, and has a version/evolution log entry."
The Sector Drafts,Sector,The Sector Drafts\00_Foundation\SECTOR_INITIATIVE_PORTFOLIO.md,"Promote strategic planning into the authoritative Sector OS layer with source IDs, owner, governance rule, dependency links, validation gate, dashboard signal, memory update, and version path.",Sector Intelligence Owner / Market Strategy Lead,Medium,"Upstream: Market data, client context, competitive research, management priorities. Downstream: Offer, Marketing, Sales, Client, Branding, Automation.","Sector Strategic Planning is complete when the markdown exists at the recommended placement, has an owner and cadence, references source IDs, is registered in the local and agency registry, defines validation and observability, and has a version/evolution log entry."
The Sector Drafts,Sector,The Sector Drafts\17_Evolution\SECTOR_EVOLUTION_ROADMAP.md,"Promote evolution into the authoritative Sector OS layer with source IDs, owner, governance rule, dependency links, validation gate, dashboard signal, memory update, and version path.",Sector Intelligence Owner / Market Strategy Lead,High,"Upstream: Market data, client context, competitive research, management priorities. Downstream: Offer, Marketing, Sales, Client, Branding, Automation.","Sector Evolution is complete when the markdown exists at the recommended placement, has an owner and cadence, references source IDs, is registered in the local and agency registry, defines validation and observability, and has a version/evolution log entry."
The Sector Drafts,Sector,The Sector Drafts\18_Completion\SECTOR_COMPLETION_CRITERIA.md,"Promote completion into the authoritative Sector OS layer with source IDs, owner, governance rule, dependency links, validation gate, dashboard signal, memory update, and version path.",Sector Intelligence Owner / Market Strategy Lead,Critical,"Upstream: Market data, client context, competitive research, management priorities. Downstream: Offer, Marketing, Sales, Client, Branding, Automation.","Sector Completion is complete when the markdown exists at the recommended placement, has an owner and cadence, references source IDs, is registered in the local and agency registry, defines validation and observability, and has a version/evolution log entry."
